"","a","Freq"
"72","Cox, Sophie C.",6
"185","Hoey, David A.",6
"369","Man, Kenny",6
"30","Brunet, Mathieu Y.",5
"132","Gajendrareddy, Praveen",4
"198","Huang, Chun-Chieh",4
"231","Kang, Miya",4
"350","Lu, Yu",4
"436","Ravindran, Sriram",4
"468","Shirazi, Sajjad",4
"49","Chen, Lang",3
"71","Cooper, Lyndon F.",3
"119","Federici, Angelica S.",3
"286","Li, Yi",3
"304","Lin, Kaili",3
"317","Liu, Guohui",3
"385","Mi, Bobin",3
"415","Panayi, Adriana C.",3
"607","Xiong, Yuan",3
"20","Barbosa, Mario A.",2
"38","Cao, Faqi",2
"51","Chen, Long",2
"81","Dai, Zhenning",2
"83","Davies, Owen G.",2
"99","Dong, Ming",2
"108","Eichholz, Kian F.",2
"118","Federici, Angelica",2
"121","Feng, Taojin",2
"123","Fernandez-Rhodes, Maria",2
"138","Ge, Weiwen",2
"162","Han, Xinxin",2
"187","Holkar, Ketki",2
"196","Hu, Yiqiang",2
"205","Huang, Wenhua",2
"210","Ingavle, Ganesh",2
"223","Jo, Jun-Ichiro",2
"225","Kaji, Hiroshi",2
"226","Kale, Vaijayanti",2
"237","Kawao, Naoyuki",2
"277","Li, Shiyu",2
"290","Li, Ziyue",2
"303","Lin, Dan",2
"316","Liu, Guodong",2
"330","Liu, Tingjiao",2
"337","Liu, Yuehua",2
"353","Luo, Yue",2
"389","Mizukami, Yuya",2
"400","Niu, Weidong",2
"406","Ohira, Takashi",2
"407","Okada, Kiyotaka",2
"410","Pan, Cancan",2
"418","Peacock, Ben",2
"422","Pethe, Prasad",2
"427","Qi, Lei",2
"451","Santos, Susana G.",2
"470","Silva, Andreia M.",2
"474","Su, Jiacan",2
"491","Sun, Yun",2
"494","Tabata, Yasuhiko",2
"495","Takafuji, Yoshimasa",2
"502","Tang, Peifu",2
"507","Teixeira, Jose H.",2
"520","Waddington, Rachel J.",2
"530","Wang, Jing",2
"535","Wang, Lina",2
"573","Williams, Soraya",2
"578","Woods, Ian",2
"601","Xiao, Yin",2
"623","Xue, Hang",2
"626","Yan, Zi",2
"633","Yang, Qian",2
"639","Yang, Yang",2
"651","Yin, Pengbin",2
"655","Yu, Chenyan",2
"659","Yu, Xinxin",2
"688","Zhang, Lei",2
"690","Zhang, Licheng",2
"698","Zhang, Tao",2
"723","Zheng, Weihan",2
"730","Zhou, Wu",2
"735","Zhou, Yinghong",2
"1","Abed, Mohammed",1
"2","Afizah, Hassan",1
"3","Ahmad, Irfan",1
"4","Akdeniz-Dogan, Zeynep",1
"5","Albright, J. A.",1
"6","Alizadeh, Morteza",1
"7","Almasri, R.",1
"8","Almeida, Maria I.",1
"9","Almeida, Maria Ines",1
"10","Ansari, Mohammad Javed",1
"11","Avery, Steven J.",1
"12","Azarpira, Negar",1
"13","Bai, Fan",1
"14","Bai, Hao",1
"15","Bai, Ying",1
"16","Bai, Yun",1
"17","Ball, Jacob R.",1
"18","Banakar, Morteza",1
"19","Bar, Julia Krystyna",1
"21","Barroso, Ines A.",1
"22","Bian, Xuting",1
"23","Bilek, Marcela M.",1
"24","Bonfim, Danielle Cabral",1
"25","Born, Gordian",1
"26","Bourgine, Paul Emile",1
"27","Bramanti, Alessia",1
"28","Broderick, Kristen",1
"29","Brown, Sarah V.",1
"31","Bu, Ziheng",1
"32","Bugdayci, Onur",1
"33","C. Lowry, M.",1
"34","Cai, Bolei",1
"35","Cai, Han-Chen",1
"36","Cai, Hong",1
"37","Calin, George A.",1
"39","Cao, Xiankun",1
"40","Celebiler, Ozhan B.",1
"41","Chang, Leslie",1
"42","Chang, Yaoming",1
"43","Chen, Changjun",1
"44","Chen, Gaoyang",1
"45","Chen, Jia",1
"46","Chen, Kai",1
"47","Chen, Kaiwen",1
"48","Chen, Kun",1
"50","Chen, Liyile",1
"52","Chen, Ming",1
"53","Chen, Peng",1
"54","Chen, Qingqing",1
"55","Chen, Ruijing",1
"56","Chen, Yan-Lin",1
"57","Chen, Yinghua",1
"58","Chen, YongJuan",1
"59","Cheng, Bin",1
"60","Cheng, Liming",1
"61","Cheng, Mengjia",1
"62","Cheng, Shi",1
"63","Cheng, Yurui",1
"64","Chiang, Chi-ling",1
"65","Choi, Joo-Hee",1
"66","Choo, Andre Boon Hwa",1
"67","Chu, Chenyu",1
"68","Chu, Paul K.",1
"69","Clayton, Aled",1
"70","Compan, Alvaro",1
"73","Cui, Jin",1
"74","Cui, Jinjie",1
"75","Cui, Li",1
"76","Cui, Shengjie",1
"77","Cui, Yigong",1
"78","Cunha, Carla",1
"79","D'Aurora, Marco",1
"80","Da, Ningning",1
"82","Dai, Zi-Han",1
"84","Deng, Chao",1
"85","Deng, Guozhen",1
"86","Deng, Jiajia",1
"87","Deng, Jiayin",1
"88","Deng, Jiezhong",1
"89","Deng, Jintao",1
"90","Deng, Zihui",1
"91","Dewitt, Sharon",1
"92","Dias, Rhayra Braga",1
"93","Diaz, Jose Iriarte",1
"94","Ding, Catherine",1
"95","Ding, Jiandong",1
"96","Ding, Muliang",1
"97","Diomede, Francesca",1
"98","Dong, Juhong",1
"100","Dong, Tianhua",1
"101","Dong, Yongqiang",1
"102","Dong, Yunsheng",1
"103","Du, Zhenwu",1
"104","Duan, Cuimi",1
"105","Dunstan, Colin",1
"106","Duque, Edie",1
"107","Eichholz, K. F.",1
"109","Eisenstein, Neil M.",1
"110","Emami, Asrin",1
"111","Ettorre, Valeria",1
"112","Fakri, Yasser",1
"113","Fan, Xiaolei",1
"114","Fang, Shuo",1
"115","Fang, Weili",1
"116","Fang, Xin",1
"117","Fathi, Amirhossein",1
"120","Feng, Qian",1
"122","Feng, Yafei",1
"124","Fontana, Antonella",1
"125","Frade, Bianca Braga",1
"126","Fu, Huajun",1
"127","Fu, Li",1
"128","Fu, Shenglong",1
"129","Fu, Xiaoling",1
"130","Fu, Yu",1
"131","Furuta, Taisuke",1
"133","Gao, Fei",1
"134","Gao, Wenling",1
"135","Gao, X.",1
"136","Gao, Yongxing",1
"137","Gatta, Valentina",1
"139","Gemini Piperni, Sara",1
"140","Geng, Zhen",1
"141","George, Anne",1
"142","Gethings, Lee A.",1
"143","Goodman, Stuart B.",1
"144","Gorgun, C.",1
"145","Grelewski, Piotr Grzegorz",1
"146","Gu, Ranli",1
"147","Guan, Yanjun",1
"148","Gugliandolo, Agnese",1
"149","Gui, Jianchao",1
"150","Gunduz, Oguzhan",1
"151","Guo, Hongyan",1
"152","Guo, Rongkang",1
"153","Guo, Shu",1
"154","Guo, Ximin",1
"155","Hadjiargyrou, Michael",1
"156","Hai, Yong",1
"157","Haleem, Zahraa",1
"158","Han, Bo",1
"159","Han, Lei",1
"160","Han, Weiju",1
"161","Han, Wenqing",1
"163","Hang, Ruiqiang",1
"164","Hanif, Sumaira",1
"165","Hansford, Derek",1
"166","Hao, Zhichao",1
"167","Hao, Zi-Chen",1
"168","Hao, Zichen",1
"169","Haumer, Alexander",1
"170","He, Chengqi",1
"171","He, Gang",1
"172","He, Gao-Lu",1
"173","He, Juan",1
"174","He, Ronghan",1
"175","He, Xiaoning",1
"176","He, Zirui",1
"177","Heaney, Liam M.",1
"178","Heng, Boon Chin",1
"179","Heng, Yongyuan",1
"180","Hensley, Austin P.",1
"181","Hernandez, Fergui",1
"182","Higashi, Yukihito",1
"183","Hoey, D. A.",1
"184","Hoey, David",1
"186","Hokamp, K.",1
"188","Holmes, Christina A.",1
"189","Hou, Tianyong",1
"190","Hsu, Ching-Yun",1
"191","Hu, Hongxing",1
"192","Hu, Liangcong",1
"193","Hu, Xiaofan",1
"194","Hu, Yan",1
"195","Hu, Yihe",1
"197","Hu, Yugen",1
"199","Huang, H.",1
"200","Huang, Jiaxing",1
"201","Huang, Jinming",1
"202","Huang, Jinyang",1
"203","Huang, Shuo",1
"204","Huang, Wei",1
"206","Huang, Xiaogang",1
"207","Huang, Xuan",1
"208","Huang, Ying",1
"209","Hui, James Hoi Po",1
"211","Irfan, Daniyal",1
"212","Isabel Guillen, Maria",1
"213","Ishitobi, Hiroyuki",1
"214","Ismail, Muhammad",1
"215","Jabbar, Hawraa",1
"216","James, Aaron Watkins",1
"217","Ji, Ping",1
"218","Ji, Yuelun",1
"219","Jian, Chao",1
"220","Jiang, Weidong",1
"221","Jiao, Xin",1
"222","Jing, Yingying",1
"224","Jose Alcaraz, Maria",1
"227","Kamei, Naosuke",1
"228","Kandeel, Mahmoud",1
"229","Kang, Kyung-Ku",1
"230","Kang, Minjee",1
"232","Kang, Pengde",1
"233","Kang, Xia",1
"234","Karademir-Yilmaz, Betul",1
"235","Karimzadeh, Moslem",1
"236","Kato, Yoshio",1
"238","Kaya, Ozlem T.",1
"239","Khazaei, Fatemeh",1
"240","Khazaei, Mozafar",1
"241","Khosravi, Armin",1
"242","Kim, Young In",1
"243","Komatsu, David E.",1
"244","Kong, Ying",1
"245","Kuang, Ming-jie",1
"246","Kumar, Sanjay",1
"247","Kwak, Kwang Joo",1
"248","Kwa≈õnicka, Monika",1
"249","Lai, Ruenn Chai",1
"250","Landry, P. S.",1
"251","Lee, Andrew S.",1
"252","Lee, Chung-Sung",1
"253","Lee, Gun Woo",1
"254","Lee, Ly James",1
"255","Lee, Min",1
"256","Lee, Sijoon",1
"257","Lee, Wayne Yuk-Wai",1
"258","Lees, Rebecca",1
"259","Lei, Chang",1
"260","Lei, Wei",1
"261","Leung, Kasey",1
"262","Li, Bei",1
"263","Li, Dize",1
"264","Li, Donghai",1
"265","Li, Gang",1
"266","Li, Hong",1
"267","Li, Hui",1
"268","Li, Jing",1
"269","Li, Jun",1
"270","Li, Laifeng",1
"271","Li, Lu",1
"272","Li, M.",1
"273","Li, Meng",1
"274","Li, Mengmeng",1
"275","Li, Ran",1
"276","Li, Rui",1
"278","Li, Shuai",1
"279","Li, Tao",1
"280","Li, Wei",1
"281","Li, Wentao",1
"282","Li, Xian",1
"283","Li, Xiang-Hui",1
"284","Li, Yanbing",1
"285","Li, Yawu",1
"287","Li, Ying-Hui",1
"288","Li, Yiwei",1
"289","Li, Zhaoyan",1
"291","Liang, Bin",1
"292","Liang, C.",1
"293","Liang, Shuailong",1
"294","Liang, Tangzhao",1
"295","Liang, Weishi",1
"296","Liang, Wenqing",1
"297","Liang, Zhuo",1
"298","Liao, L.",1
"299","Liao, Runzhi",1
"300","Liao, Sida",1
"301","Lieberman, Jay R.",1
"302","Lim, Sai Kiang",1
"305","Lin, Qiushui",1
"306","Lin, Si-En",1
"307","Lin, Tianyi",1
"308","Lin, Tzuhua",1
"309","Lin, Yan",1
"310","Lin, Ze",1
"311","Liu, Anqi",1
"312","Liu, Changjiang",1
"313","Liu, Changsheng",1
"314","Liu, Fan",1
"315","Liu, Gen",1
"318","Liu, Hai-Xiao",1
"319","Liu, Hao",1
"320","Liu, Hong",1
"321","Liu, Jinlong",1
"322","Liu, Junsheng",1
"323","Liu, Keyin",1
"324","Liu, Mengfei",1
"325","Liu, Pan",1
"326","Liu, Pei",1
"327","Liu, Runhan",1
"328","Liu, Runyuan",1
"329","Liu, Shi-Bo",1
"331","Liu, Xian",1
"332","Liu, Xiangsheng",1
"333","Liu, Xin-Na",1
"334","Liu, Xiuzhi",1
"335","Liu, Yang",1
"336","Liu, Yanjie",1
"338","Liu, Yufei",1
"339","Liu, Yuhang",1
"340","Liu, Yunsong",1
"341","Liu, Yutong",1
"342","Liu, Yuzhe",1
"343","Liu, Zhongtang",1
"344","Liu, Zihao",1
"345","Louth, Sophie",1
"346","Lu, Jun",1
"347","Lu, Wei",1
"348","Lu, Xingyan",1
"349","Lu, Ye",1
"351","Lu, ZuFu",1
"352","Luo, Lin",1
"354","Lv, Fang",1
"355","Lv, Yonggang",1
"356","Ma, Beibei",1
"357","Ma, Hai-Wei",1
"358","Ma, Jian-xiong",1
"359","Ma, Shiqing",1
"360","Ma, Tianliang",1
"361","Ma, Xin-long",1
"362","Ma, Yifan",1
"363","Ma, Zhenjiang",1
"364","Maggio, M.",1
"365","Mahdavian, Elahe",1
"366","Mahon, Olwyn R.",1
"367","Mai, Zizhao",1
"368","Maia, Andre F.",1
"370","Man, Yi",1
"371","Mao, Jiaqi",1
"372","Margiana, Ria",1
"373","Marino, A. A.",1
"374","Martin, Ivan",1
"375","Martins, Carolina",1
"376","Maruyama, Masahiro",1
"377","Mayanei, Sayad Ayub Tabatabaei",1
"378","Mayfield, Cory K.",1
"379","Mazzon, Emanuela",1
"380","McAlinden, Audrey",1
"381","McSweeney, Kate",1
"382","Meng, Haoye",1
"383","Merciaro, Ilaria",1
"384","Meyers, Carolyn Ann",1
"386","Miao, Weiqiang",1
"387","Miyado, Kenji",1
"388","Miyaki, Shigeru",1
"390","Moeinzadeh, Seyedsina",1
"391","Mousavi, Elnaz",1
"392","Mu, Yuqing",1
"393","Mu, Yuzhu",1
"394","Muhammad, Pir",1
"395","Murali, Vishnu Priya",1
"396","Neves, Nuno",1
"397","Ni, Wen-Fei",1
"398","Nie, Linyang",1
"399","Nieuwoudt, Mechiel",1
"401","O'Driscoll, L.",1
"402","O'Driscoll, Lorraine",1
"403","Occhetta, Paola",1
"404","Ochi, Mitsuo",1
"405","Ogura, Toshihiko",1
"408","Oliveira, Joana",1
"409","Olmedo, M. L.",1
"411","Pan, Chi-Chun",1
"412","Pan, Junjie",1
"413","Pan, Mingmang",1
"414","Pan, Shaowei",1
"416","Park, Wook-Tae",1
"417","Patra, Indrajit",1
"419","Peault, Bruno",1
"420","Peng, Bibo",1
"421","Peng, Jiang",1
"423","Petho, Adrienn",1
"424","Piattelli, Adriano",1
"425","Ping, Jianfeng",1
"426","Pu, Panjun",1
"428","Qi, Xin",1
"429","Qiang, Lei",1
"430","Qin, An",1
"431","Qin, Wan-Yun",1
"432","Qiu, Lixin",1
"433","Qu, Guangping",1
"434","Qu, Yili",1
"435","Rasulova, Mokhidil Tursunalievna",1
"437","Reategui, Eduardo",1
"438","Rehman, Fawad Ur",1
"439","Ren, Jianhua",1
"440","Ren, Lin",1
"441","Ren, Lingyan",1
"442","Ren, Xiafei",1
"443","Rezakhani, Leila",1
"444","Riffault, Mathieu",1
"445","Rima, Xilal Y.",1
"446","Robinson, Thomas E.",1
"447","Roche, F. M.",1
"448","Roohani-Esfahani, Seyediman",1
"449","Rui, Yun-Feng",1
"450","Sadasivan, K. K.",1
"452","Sedigh, Somaye Salari",1
"453","Sendur, Samet",1
"454","Seo, Min-Soo",1
"455","Shao, Zheng-Bo",1
"456","She, Hongjiang",1
"457","Shelby, Tara",1
"458","Shen, N.",1
"459","Shen, Nian",1
"460","Shen, Steve G. F.",1
"461","Shen, Steve GF",1
"462","Shi, Bingyang",1
"463","Shi, Chen",1
"464","Shi, Chun",1
"465","Shi, Xuetao",1
"466","Shi, Youxing",1
"467","Shi, Yuanyuan",1
"469","Si, Jiawen",1
"471","Sivaraman, R.",1
"472","Song, Yang",1
"473","Stavenschi, E.",1
"475","Su, Weiping",1
"476","Su, Weiwei",1
"477","Su, Zhi",1
"478","Sun, Bin",1
"479","Sun, Deyi",1
"480","Sun, Dong",1
"481","Sun, Duan",1
"482","Sun, Hanxiao",1
"483","Sun, Jie",1
"484","Sun, Jinru",1
"485","Sun, Li",1
"486","Sun, Liangyan",1
"487","Sun, Lili",1
"488","Sun, Xin",1
"489","Sun, Xu",1
"490","Sun, Yongjian",1
"492","Sung, Minkyoung",1
"493","Sung, Soo-Eun",1
"496","Takagi, Michiaki",1
"497","Talaei-Khozani, Tahereh",1
"498","Tan, Richard P.",1
"499","Tan, Wei",1
"500","Tang, Kanglai",1
"501","Tang, Lizong",1
"503","Tang, Q.",1
"504","Tao, Tiger H. H.",1
"505","Tasso, Roberta",1
"506","Tavanafar, Saeid",1
"508","Teo, Kristeen Ye Wen",1
"509","Tian, Hua",1
"510","Tian, Meng",1
"511","Tian, W.",1
"512","Tian, Xue",1
"513","Toh, Wei Seong",1
"514","Tong, Shuang",1
"515","Tong, Xianqin",1
"516","Tong, Xiaopeng",1
"517","Trubiani, Oriana",1
"518","Vaidya, Anuradha",1
"519","Vojdani, Zahra",1
"521","Wan, Jinpeng",1
"522","Wang, Cheng",1
"523","Wang, Da-chuan",1
"524","Wang, Haoyi",1
"525","Wang, Huanan",1
"526","Wang, Hui",1
"527","Wang, Jiahao",1
"528","Wang, Jian",1
"529","Wang, Jianglin",1
"531","Wang, Jinwu",1
"532","Wang, Kui-Xing",1
"533","Wang, Kun",1
"534","Wang, Li",1
"536","Wang, Liqiong",1
"537","Wang, Long",1
"538","Wang, Minggang",1
"539","Wang, Panfeng",1
"540","Wang, Qi",1
"541","Wang, Qingyu",1
"542","Wang, Shan-Zheng",1
"543","Wang, Shufang",1
"544","Wang, Si",1
"545","Wang, Sicheng",1
"546","Wang, Tianchang",1
"547","Wang, Tianji",1
"548","Wang, Xiang-Yang",1
"549","Wang, Xin",1
"550","Wang, Xin-Lin",1
"551","Wang, Xinyu",1
"552","Wang, Xiuhui",1
"553","Wang, Yan",1
"554","Wang, Yanying",1
"555","Wang, Yili",1
"556","Wang, Yilin",1
"557","Wang, Yiming",1
"558","Wang, Yinan",1
"559","Wang, Yingjun",1
"560","Wang, Yiyun",1
"561","Wang, Yuan",1
"562","Wang, Yuanjing",1
"563","Wang, Yufei",1
"564","Wang, Yunjiao",1
"565","Wang, Zhe",1
"566","Wang, Zheng",1
"567","Wang, Zhongqi",1
"568","Wei, Fei",1
"569","Wei, Pengfei",1
"570","Wei, Shimin",1
"571","Wei, Wenfa",1
"572","Wei, Yang",1
"574","Wise, Steven G.",1
"575","Witwer, Kenneth",1
"576","Wong, Keng Lin",1
"577","Woods, I.",1
"579","Wu, Chaohan",1
"580","Wu, Guanfu",1
"581","Wu, Hao",1
"582","Wu, Jun",1
"583","Wu, Qi",1
"584","Wu, Saixuan",1
"585","Wu, Shujie",1
"586","Wu, Xiaoqi",1
"587","Wu, Xu",1
"588","Wu, Xudong",1
"589","Wu, Xuehui",1
"590","Wu, Yunfei",1
"591","Wu, Zhigang",1
"592","Xia, Juan",1
"593","Xia, Yan",1
"594","Xiang, Bingyan",1
"595","Xiang, Geng",1
"596","Xiang, Guang-Heng",1
"597","Xiao, Hui",1
"598","Xiao, Jing",1
"599","Xiao, Weidong",1
"600","Xiao, Xiufeng",1
"602","Xie, Jie",1
"603","Xie, Yang",1
"604","Xing, Junchao",1
"605","Xing, X.",1
"606","Xiong, Jiang-Hui",1
"608","Xiu, Haonan",1
"609","Xu, Chun",1
"610","Xu, Cong",1
"611","Xu, Daqi",1
"612","Xu, Fangming",1
"613","Xu, Hua-Zi",1
"614","Xu, Jiajia",1
"615","Xu, Jie",1
"616","Xu, Liang-Liang",1
"617","Xu, Shuo-Gui",1
"618","Xu, Shuogui",1
"619","Xu, X.",1
"620","Xu, Xiang",1
"621","Xu, Yan",1
"622","Xu, Ziying",1
"624","Xun, Jinrui",1
"625","Yan, Jinge",1
"627","Yang, Chi",1
"628","Yang, Haoying",1
"629","Yang, J.",1
"630","Yang, Jianhua",1
"631","Yang, Jiaxin",1
"632","Yang, Lin",1
"634","Yang, Qingshan",1
"635","Yang, Qiwei",1
"636","Yang, Shude",1
"637","Yang, Tingting",1
"638","Yang, Xiao",1
"640","Yang, Yilin",1
"641","Yang, Yufan",1
"642","Yang, Yunzhi Peter",1
"643","Yang, Yute",1
"644","Yang, Zaiwu",1
"645","Yao, Runhua",1
"646","Yao, Xiaohong",1
"647","Ye, Rui",1
"648","Ye, Xin-Qi",1
"649","Yilmaz-Goler, Ayse M.",1
"650","Yin, Peng",1
"652","Yin, Zhaowei",1
"653","Yin, Zhifeng",1
"654","Yu, Aixi",1
"656","Yu, Hongbo",1
"657","Yu, Liming",1
"658","Yu, Lin",1
"660","Yu, Xueqiao",1
"661","Yu, Yifeng",1
"662","Yu, Zihui",1
"663","Yu, Ziyi",1
"664","Yuan, Hui-Ping",1
"665","Yuan, Rui",1
"666","Yuan, Yuan",1
"667","Yue, Xiaokun",1
"668","Zareifard, Nehleh",1
"669","Zeng, Bin",1
"670","Zeng, Fanchun",1
"671","Zeng, Lijun",1
"672","Zeng, Ruiyin",1
"673","Zeng, Weinan",1
"674","Zha, Yao",1
"675","Zhang, Anan",1
"676","Zhang, Bo",1
"677","Zhang, Chenglong",1
"678","Zhang, Chi",1
"679","Zhang, Dong",1
"680","Zhang, Dongya",1
"681","Zhang, Guizhen",1
"682","Zhang, Hang",1
"683","Zhang, Hao",1
"684","Zhang, Jian",1
"685","Zhang, Jing",1
"686","Zhang, Jingjing",1
"687","Zhang, Kun",1
"689","Zhang, Leititia",1
"691","Zhang, Lijun",1
"692","Zhang, Mingming",1
"693","Zhang, Rui",1
"694","Zhang, Ruijie",1
"695","Zhang, Shengmin",1
"696","Zhang, Shipin",1
"697","Zhang, Shuiqin",1
"699","Zhang, Tong",1
"700","Zhang, Weihua",1
"701","Zhang, Wenhui",1
"702","Zhang, Xinchang",1
"703","Zhang, Yan",1
"704","Zhang, Yi",1
"705","Zhang, Yun-Tong",1
"706","Zhang, Yuntong",1
"707","Zhang, Yuxin",1
"708","Zhang, Zhen",1
"709","Zhang, Zhengyue",1
"710","Zhao, Bingjiao",1
"711","Zhao, Bo",1
"712","Zhao, Hanjiang",1
"713","Zhao, Jie",1
"714","Zhao, Liru",1
"715","Zhao, Renliang",1
"716","Zhao, Weihong",1
"717","Zhao, Xi-ge",1
"718","Zhao, Xin",1
"719","Zhao, Xinyuan",1
"720","Zhao, Yuyu",1
"721","Zheng, Gang",1
"722","Zheng, Meng",1
"724","Zhong, Shu",1
"725","Zhou, Fengjin",1
"726","Zhou, Jian",1
"727","Zhou, Jie",1
"728","Zhou, Mei",1
"729","Zhou, Panyu",1
"731","Zhou, Xiangbin",1
"732","Zhou, Xianhao",1
"733","Zhou, Yanheng",1
"734","Zhou, Yi",1
"736","Zhou, Yongsheng",1
"737","Zhou, Yu-Hang",1
"738","Zhu, Biao",1
"739","Zhu, Junfeng",1
"740","Zhu, Siyi",1
"741","Zhu, Yuan",1
"742","Zhu, Zhangyu",1
"743","Zhuang, Yu",1
"744","Zou, Zhenyu",1
"745","Zreiqat, Hala",1
