"","Author","Frequency"
"2","Man, Kenny","11"
"3","Su, Jiacan","7"
"86","Cox, Sophie C.","7"
"98","Hoey, David A.","7"
"2022","Xu, Jia","7"
"1","Liu, Yunsong","6"
"4","Toh, Wei Seong","6"
"5","Wang, Xin","6"
"6","Zhang, Yi","6"
"12","Xiao, Yin","6"
"13","Zhang, Lei","6"
"21","Lin, Kaili","6"
"37","Huang, Chun-Chieh","6"
"51","Ravindran, Sriram","6"
"79","Brunet, Mathieu Y.","6"
"332","Dou, Ce","6"
"2026","Xu, Jianzhong","6"
"7","Diomede, Francesca","5"
"8","Hu, Yan","5"
"9","Lim, Sai Kiang","5"
"10","Mazzon, Emanuela","5"
"11","Trubiani, Oriana","5"
"14","Zhao, Bo","5"
"15","Zhou, Yongsheng","5"
"28","Zhang, Tao","5"
"29","Zhou, Yinghong","5"
"93","Gajendrareddy, Praveen","5"
"109","Kang, Miya","5"
"129","Lu, Yu","5"
"150","Shirazi, Sajjad","5"
"1366","Chai, Yimin","5"
"2282","Zhang, Xiao","5"
"16","Deng, Jiayin","4"
"17","Fontana, Antonella","4"
"18","Gugliandolo, Agnese","4"
"19","Lai, Ruenn Chai","4"
"20","Li, Jun","4"
"22","Liu, Zihao","4"
"23","Ma, Shiqing","4"
"24","Mu, Yuzhu","4"
"25","Wei, Pengfei","4"
"26","Zhang, Hao","4"
"27","Zhang, Shipin","4"
"30","Zhu, Yuan","4"
"33","Fernandez-Rhodes, Maria","4"
"53","Tang, Peifu","4"
"56","Wang, Jing","4"
"68","Zhang, Licheng","4"
"83","Chen, Lang","4"
"85","Cooper, Lyndon F.","4"
"118","Li, Yi","4"
"123","Liu, Guohui","4"
"134","Mi, Bobin","4"
"140","Panayi, Adriana C.","4"
"176","Xiong, Yuan","4"
"1977","Chen, Xiao","4"
"755","Jin, Yan","4"
"786","Kang, Qinglin","4"
"949","Li, Qi","4"
"1020","Liang, Mengmeng","4"
"1138","Liu, Yi","4"
"1201","Ma, Qinyu","4"
"1211","Ma, Yaping","4"
"1619","Su, Xiaoxia","4"
"1809","Wang, Rui","4"
"1957","Wu, Yutong","4"
"2254","Zhang, Ping","4"
"31","Cui, Jin","3"
"32","Fang, Shuo","3"
"34","Guo, Ximin","3"
"35","Hao, Zichen","3"
"36","Hoey, David","3"
"38","Jiang, Weidong","3"
"39","Jing, Yingying","3"
"40","Lee, Chung-Sung","3"
"41","Lee, Min","3"
"42","Li, Bei","3"
"43","Li, Lu","3"
"44","Li, Rui","3"
"45","Li, Wei","3"
"46","Lin, Ze","3"
"47","Liu, Hao","3"
"48","Lv, Yonggang","3"
"49","Merciaro, Ilaria","3"
"50","Qi, Xin","3"
"52","Sun, Xu","3"
"54","Teo, Kristeen Ye Wen","3"
"55","Tong, Shuang","3"
"57","Wang, Panfeng","3"
"58","Wang, Xinyu","3"
"59","Wang, Xiuhui","3"
"60","Wei, Fei","3"
"61","Wu, Jun","3"
"62","Xia, Yan","3"
"63","Xie, Jie","3"
"64","Xu, Jiajia","3"
"65","Xu, Shuogui","3"
"66","Xu, Yan","3"
"67","Zhang, Kun","3"
"69","Zhang, Yan","3"
"70","Zhang, Yuntong","3"
"71","Zhang, Zhen","3"
"72","Zhou, Fengjin","3"
"87","Dong, Ming","3"
"89","Eichholz, Kian F.","3"
"92","Federici, Angelica","3"
"99","Holkar, Ketki","3"
"102","Hu, Yiqiang","3"
"104","Ingavle, Ganesh","3"
"107","Kale, Vaijayanti","3"
"122","Liu, Guodong","3"
"130","Luo, Yue","3"
"136","Niu, Weidong","3"
"159","Wang, Lina","3"
"168","Williams, Soraya","3"
"170","Woods, Ian","3"
"178","Xue, Hang","3"
"184","Yu, Xinxin","3"
"200","Zhou, Wu","3"
"1123","Ai, Hongbo","3"
"6310","Bari, Elia","3"
"905","Brunet, Mathieu","3"
"256","Cox, Sophie","3"
"323","Dong, Shiwu","3"
"509","Guan, Zheng","3"
"724","Jia, Yachao","3"
"727","Jiang, Daqing","3"
"758","Jing, Wei","3"
"788","Kang, Yue","3"
"829","Kong, Lingchi","3"
"844","Kumar, Ashok","3"
"916","Li, Haiyan","3"
"925","Li, Jie","3"
"948","Li, Peng","3"
"977","Li, Xiaolin","3"
"978","Li, Xiaoqun","3"
"980","Li, Xinyi","3"
"1011","Li, Ziyu","3"
"1014","Li, Zubing","3"
"1043","Lin, Hao","3"
"1081","Liu, Han","3"
"1107","Liu, Qian","3"
"1159","Lu, Haiping","3"
"1174","Luo, Fei","3"
"1399","Perteghella, Sara","3"
"1410","Qayoom, Irfan","3"
"1589","Soleimani, Masoud","3"
"1595","Song, Jae-Jun","3"
"1596","Song, Jinlin","3"
"1608","Sorlini, Marzio","3"
"1695","Tian, Weidong","3"
"1705","Torre, Maria Luisa","3"
"1748","Wang, Chao","3"
"1757","Wang, Fei","3"
"1803","Wang, Qing","3"
"1843","Wang, Yang","3"
"1870","Wang, Zhenxing","3"
"1893","Wei, Yan","3"
"1899","Weng, Weizong","3"
"1915","Wu, Di","3"
"1925","Wu, Jinzhe","3"
"1974","Xiao, Lan","3"
"1979","Xie, Dong","3"
"1980","Xie, Hui","3"
"2031","Xu, Juan","3"
"2079","Yang, Kunkun","3"
"2093","Yang, Shuo","3"
"2191","Zavan, Barbara","3"
"2212","Zhang, Changqing","3"
"2235","Zhang, Jieyuan","3"
"2286","Zhang, Xin","3"
"2303","Zhang, Yufeng","3"
"2357","Zhao, Yifan","3"
"2381","Zhou, Hong","3"
"2455","Zuo, Rongtai","3"
"1339","Federici, Angelica S.","3"
"73","Afizah, Hassan","2"
"74","Albright, J. A.","2"
"75","Alizadeh, Morteza","2"
"76","Bai, Yun","2"
"77","Bramanti, Alessia","2"
"78","Broderick, Kristen","2"
"80","Chen, Changjun","2"
"81","Chen, Jia","2"
"82","Chen, Kai","2"
"84","Chen, Peng","2"
"88","Dong, Yunsheng","2"
"90","Ettorre, Valeria","2"
"91","Fan, Xiaolei","2"
"94","Gu, Ranli","2"
"95","Guo, Shu","2"
"96","Han, Bo","2"
"97","He, Xiaoning","2"
"100","Hu, Liangcong","2"
"101","Hu, Yihe","2"
"103","Hui, James Hoi Po","2"
"105","Ishitobi, Hiroyuki","2"
"106","Jian, Chao","2"
"108","Kang, Minjee","2"
"110","Kang, Pengde","2"
"111","Khazaei, Mozafar","2"
"112","Landry, P. S.","2"
"113","Li, Dize","2"
"114","Li, Donghai","2"
"115","Li, Hui","2"
"116","Li, Tao","2"
"117","Li, Yawu","2"
"119","Liang, Zhuo","2"
"120","Lin, Tianyi","2"
"121","Liu, Anqi","2"
"124","Liu, Xiangsheng","2"
"125","Liu, Yang","2"
"126","Liu, Yufei","2"
"127","Louth, Sophie","2"
"128","Lu, Wei","2"
"131","Ma, Tianliang","2"
"132","Mao, Jiaqi","2"
"133","Marino, A. A.","2"
"135","Miyaki, Shigeru","2"
"137","O'Driscoll, Lorraine","2"
"138","Ochi, Mitsuo","2"
"139","Olmedo, M. L.","2"
"141","Peault, Bruno","2"
"142","Piattelli, Adriano","2"
"143","Ren, Lin","2"
"144","Ren, Xiafei","2"
"145","Rezakhani, Leila","2"
"146","Riffault, Mathieu","2"
"147","Sadasivan, K. K.","2"
"148","Shen, Nian","2"
"149","Shen, Steve G. F.","2"
"151","Sun, Jie","2"
"152","Sun, Jinru","2"
"153","Wang, Haoyi","2"
"154","Wang, Huanan","2"
"155","Wang, Hui","2"
"156","Wang, Jian","2"
"157","Wang, Jianglin","2"
"158","Wang, Kun","2"
"160","Wang, Long","2"
"161","Wang, Shufang","2"
"162","Wang, Si","2"
"163","Wang, Sicheng","2"
"164","Wang, Yanying","2"
"165","Wang, Yinan","2"
"166","Wang, Yiyun","2"
"167","Wang, Zhe","2"
"169","Wong, Keng Lin","2"
"171","Wu, Hao","2"
"172","Wu, Saixuan","2"
"173","Wu, Zhigang","2"
"174","Xie, Yang","2"
"175","Xing, Junchao","2"
"177","Xu, Jie","2"
"179","Yang, Shude","2"
"180","Yang, Tingting","2"
"181","Yang, Yilin","2"
"182","Yin, Peng","2"
"183","Yu, Aixi","2"
"185","Zha, Yao","2"
"186","Zhang, Bo","2"
"187","Zhang, Chi","2"
"188","Zhang, Dong","2"
"189","Zhang, Jian","2"
"190","Zhang, Rui","2"
"191","Zhang, Shengmin","2"
"192","Zhang, Tong","2"
"193","Zhao, Bingjiao","2"
"194","Zhao, Liru","2"
"195","Zhao, Renliang","2"
"196","Zhao, Xin","2"
"197","Zhou, Jian","2"
"198","Zhou, Jie","2"
"199","Zhou, Panyu","2"
"201","Zhu, Biao","2"
"855","Aghaloo, Tara","2"
"1326","Al-Sharabi, Niyaz","2"
"3210","Ao, Yingfang","2"
"4510","Baek, Moon-Chang","2"
"7210","Bian, Xiaowei","2"
"8310","Bramanti, Placido","2"
"898","Brunello, Giulia","2"
"935","Buhl, Eva Miriam","2"
"13210","Chae, Sung-Won","2"
"15110","Chen, Chen","2"
"15610","Chen, Di","2"
"15910","Chen, Feng","2"
"16710","Chen, Ji","2"
"1902","Chen, Song","2"
"1966","Chen, Xiang","2"
"205","Chen, Yi-Wen","2"
"209","Chen, Yu","2"
"215","Chen, Zhichao","2"
"222","Cheng, Peng","2"
"235","Cho, Young-Eun","2"
"243","Chuah, Shang Jiunn","2"
"258","Crawford, Ross","2"
"284","Davies, Owen","2"
"301","Deng, Yunfan","2"
"319","Dong, Dandan","2"
"328","Dong, Xufeng","2"
"333","Dou, Geng","2"
"342","Du, Yongyong","2"
"368","Fan, Jiabing","2"
"369","Fan, Lei","2"
"377","Fang, Bing","2"
"387","Faradonbeh, Davood Rabiei","2"
"400","Feng, Kai","2"
"422","Fu, Qiang","2"
"448","Gao, Xiang","2"
"450","Gao, Xin","2"
"476","Gimona, Mario","2"
"479","Go, Yoon-Young","2"
"495","Greven, Johannes","2"
"515","Guo, Jiawei","2"
"523","Guo, Quanyi","2"
"526","Guo, Shujuan","2"
"556","Han, Shuang","2"
"558","Hao, Liuzhi","2"
"567","He, Dan","2"
"582","He, Songlin","2"
"590","He, Yaohua","2"
"604","Hildebrand, Frank","2"
"614","Holliday, L. Shannon","2"
"624","Hosseinzadeh, Simzar","2"
"635","Hu, Bin","2"
"648","Hu, Xiaoqing","2"
"670","Huang, Jinghuan","2"
"686","Huang, Xuanping","2"
"693","Huo, Fangjun","2"
"697","Hwang, Jin-Hyeon","2"
"707","James, Aaron W.","2"
"732","Jiang, Qing","2"
"739","Jiang, Xiaoge","2"
"742","Jiang, Yuhe","2"
"749","Jin, Fang","2"
"772","Kalkhof, Stefan","2"
"803","Kim, Do-Kyun","2"
"809","Kim, Hyun-Woo","2"
"815","Kim, Soyon","2"
"846","Kuo, Ting-You","2"
"853","Lai, R.","2"
"864","Le, A. D.","2"
"873","Lee, Eng Hin","2"
"892","Lei, Qian","2"
"896","Li, Ang","2"
"926","Li, Jingbao","2"
"952","Li, Qing","2"
"953","Li, Qiubai","2"
"964","Li, Sijia","2"
"970","Li, Weiran","2"
"1004","Li, Zhanghua","2"
"1023","Liao, Fengchun","2"
"1024","Liao, Li","2"
"1036","Lim, S.","2"
"1057","Lin, Yen-Hong","2"
"1070","Liu, Danping","2"
"1096","Liu, Kun","2"
"1099","Liu, Lu","2"
"1113","Liu, Shiyu","2"
"1114","Liu, Shuyun","2"
"1115","Liu, Ting","2"
"1117","Liu, Wei","2"
"1133","Liu, Yan","2"
"1141","Liu, Yu","2"
"1142","Liu, Yuan","2"
"1167","Lu, William W.","2"
"1176","Luo, Xin","2"
"1178","Luo, Ying","2"
"1184","Lv, Longwei","2"
"1205","Ma, Shixing","2"
"1208","Ma, Xiaotang","2"
"1215","Ma, Zhijie","2"
"1275","Miron, Richard J.","2"
"1299","Mustafa, Kamal","2"
"1318","Ni, Xiaoqi","2"
"1327","Niu, Xin","2"
"1330","Nooshabadi, Vajihe Taghdiri","2"
"1340","Ochiya, Takahiro","2"
"1352","Orsini, Tiziana","2"
"1362","Pan, Haobo","2"
"1380","Park, Yu-Seong","2"
"1404","Pishavar, Elham","2"
"1406","Pizzicannella, Jacopo","2"
"1414","Qi, Min","2"
"1420","Qian, Zhiyong","2"
"1430","Qin, Yunhao","2"
"1436","Qiu, Shuo","2"
"1437","Qiu, Yu","2"
"1455","Rana, Neha","2"
"1457","Ranjbar, Faezeh Esmaeili","2"
"1478","Rody, Wellington J.","2"
"1479","Rohde, Eva","2"
"1512","Schmidt, Johannes R.","2"
"1520","Segale, Lorena","2"
"1533","Shang, Peng","2"
"1541","Shao, Yuzi","2"
"1551","Shen, Yifan","2"
"1561","Shi, Quan","2"
"1573","Shie, Ming-You","2"
"1585","Singh, Prerna","2"
"1587","Sivolella, Stefano","2"
"1600","Song, Wei","2"
"1625","Sui, Xiang","2"
"1626","Suliman, Salwa","2"
"1629","Sun, Jiaming","2"
"1671","Tang, Yiman","2"
"1691","Tian, Guangzhao","2"
"1694","Tian, Mi","2"
"1698","Ting, Huyan","2"
"1699","Toh, W.","2"
"1756","Wang, Dong","2"
"1758","Wang, Feng","2"
"1770","Wang, Hongxiang","2"
"1781","Wang, Jie","2"
"1794","Wang, Longqing","2"
"1795","Wang, Menghong","2"
"1862","Wang, Yue","2"
"1946","Wu, Yifan","2"
"1952","Wu, Yuanhao","2"
"1964","Xia, Lunguo","2"
"1985","Xie, Liangkun","2"
"2002","Xing, Xin","2"
"2012","Xu, Chang","2"
"2016","Xu, Feng","2"
"2018","Xu, Haijia","2"
"2029","Xu, Jingchen","2"
"2080","Yang, Li","2"
"2081","Yang, Lili","2"
"2082","Yang, Liu","2"
"2116","Ye, Cheng","2"
"2120","Ye, Yanyan","2"
"2125","Yi, Dan","2"
"2139","Yin, Yuanyuan","2"
"2148","Youseflee, Pouya","2"
"2151","Yu, Fei","2"
"2155","Yu, Huilei","2"
"2166","Yu, Wenting","2"
"2189","Zanotti, Federica","2"
"2195","Zeng, Rong","2"
"2236","Zhang, Jinglun","2"
"2245","Zhang, Liming","2"
"2250","Zhang, Mingzhu","2"
"2251","Zhang, Ning","2"
"2263","Zhang, S.","2"
"2285","Zhang, Xiaoxin","2"
"2287","Zhang, Xing","2"
"2312","Zhao, Aiqi","2"
"2337","Zhao, Qingyu","2"
"2338","Zhao, Qun","2"
"2343","Zhao, Shichang","2"
"2349","Zhao, Xiaoli","2"
"2358","Zhao, Yimin","2"
"2363","Zhao, Zhenchen","2"
"2366","Zheng, Bowen","2"
"2375","Zheng, Yunfei","2"
"2383","Zhou, Jialiang","2"
"2390","Zhou, Miao","2"
"2392","Zhou, Nuo","2"
"2397","Zhou, Ting","2"
"2423","Zhu, Peiqi","2"
"2424","Zhu, Qi","2"
"2434","Zhu, Yu","2"
"2450","Zou, Yang","2"
"2023","Barbosa, Mario A.","2"
"2149","Cao, Faqi","2"
"2213","Chen, Long","2"
"2315","Dai, Zhenning","2"
"2435","Davies, Owen G.","2"
"2811","Feng, Taojin","2"
"3011","Ge, Weiwen","2"
"3111","Han, Xinxin","2"
"3411","Huang, Wenhua","2"
"3611","Jo, Jun-Ichiro","2"
"3711","Kaji, Hiroshi","2"
"3911","Kawao, Naoyuki","2"
"4011","Li, Shiyu","2"
"4111","Li, Ziyue","2"
"4211","Lin, Dan","2"
"4411","Liu, Tingjiao","2"
"4511","Liu, Yuehua","2"
"4711","Mizukami, Yuya","2"
"4911","Ohira, Takashi","2"
"5011","Okada, Kiyotaka","2"
"5111","Pan, Cancan","2"
"5211","Peacock, Ben","2"
"5311","Pethe, Prasad","2"
"5411","Qi, Lei","2"
"5510","Santos, Susana G.","2"
"5611","Silva, Andreia M.","2"
"5811","Sun, Yun","2"
"5911","Tabata, Yasuhiko","2"
"6010","Takafuji, Yoshimasa","2"
"6211","Teixeira, Jose H.","2"
"6311","Waddington, Rachel J.","2"
"7010","Yan, Zi","2"
"7111","Yang, Qian","2"
"7211","Yang, Yang","2"
"7311","Yin, Pengbin","2"
"7411","Yu, Chenyan","2"
"7911","Zheng, Weihan","2"
"1134","Abdal-hay, Abdalla","1"
"2100","Abe, Takaharu","1"
"315","Abroun, Saeid","1"
"431","Adeli, Mohsen","1"
"586","Ae, Keisuke","1"
"736","Afonin, Kirill A.","1"
"919","Ahmadi, Majid","1"
"1021","Ahn, Jinsung","1"
"1225","Akazawa, Chihiro","1"
"1415","Alam, Gulzar","1"
"1616","Alcorta-Sevillano, Natividad","1"
"1713","Alessandro, Riccardo","1"
"1815","Alexopoulou, Dimitra","1"
"1910","Alizadeh, Akram","1"
"2134","Amling, Michael","1"
"2210","An, Jingang","1"
"2313","An, Ran","1"
"2413","An, Tao","1"
"2510","An, Wei","1"
"2610","An, Ying","1"
"2710","Ando, Kazuyo","1"
"2810","Ansari, Sahar","1"
"2910","Antich-Rossello, M.","1"
"3010","Antich-Rossello, Miquel","1"
"3110","Ao, Jun","1"
"3310","Aoyagi, Atsushi","1"
"3410","Arab, Samaneh","1"
"3510","Arai, Yoshie","1"
"3610","Arnhold, Stefan","1"
"3710","Arntz, Onno J.","1"
"383","Ashammakhi, Nureddin","1"
"3910","Atala, Anthony","1"
"4010","Auricchio, Ferdinando","1"
"4110","Azer, Demyana","1"
"4210","Azim, Fazli","1"
"4310","Babitski, Eleonora","1"
"4410","Baek, Inho","1"
"4610","Bahar, Dilek","1"
"4710","Bahraminasab, Marjan","1"
"4810","Bai, Ding","1"
"4910","Bai, Gaowa","1"
"5010","Bai, Hailiang","1"
"5110","Bai, Hua","1"
"5210","Bai, Xiaochun","1"
"5310","Bai, Xinyi","1"
"5410","Bai, Yating","1"
"5610","Bai, Yuxing","1"
"5710","Bakker, A. D.","1"
"5810","Bala, Jyoti","1"
"5910","Balmayor, Elizabeth R.","1"
"608","Balz, Natalie","1"
"6110","Banerjee, Arup","1"
"6210","Bao, Wenfei","1"
"6410","Bartuli, Andrea","1"
"6510","Battafarano, Giulia","1"
"662","Bedini, Rossella","1"
"6710","Behera, Jyotirmaya","1"
"6810","Bei, Chaoyong","1"
"6910","Bellavia, Daniele","1"
"702","Biadglegne, Fantahun","1"
"7110","Bian, Lu","1"
"7310","Bian, Zhenyu","1"
"7410","Bie, Binglin","1"
"7510","Bläsius, Felix Marius","1"
"7610","Bo, Lumin","1"
"7710","Boabaid, F.","1"
"783","Bonora, Massimo","1"
"7910","Bonucci, E.","1"
"801","Borras, Francesc Enric","1"
"8110","Boyce, Alison M.","1"
"8410","Bratengeier, C.","1"
"858","Bressan, Eriberto","1"
"8610","Breyne, Koen","1"
"8810","Brotto, Marco","1"
"929","Bucovsky, Mariana","1"
"9410","Buonuomo, Paola Sabrina","1"
"954","Busse, Bjoern","1"
"966","Cabrera-Perez, Raquel","1"
"9710","Caccamese, John","1"
"9810","Cahan, Patrick","1"
"993","Cai, Lizhao","1"
"10010","Cai, Ming","1"
"10110","Cai, Mingxuan","1"
"10210","Cai, Qing","1"
"1037","Cai, Qing-wei","1"
"1045","Cai, Zhiqing","1"
"1051","Calvo, J.","1"
"1062","Cam, Sefa Burak","1"
"1077","Camacho-Cardenosa, Marta","1"
"1082","Cao, Chenxi","1"
"10910","Cao, Jia","1"
"11010","Cao, Jiao","1"
"11110","Cao, Liehu","1"
"11210","Cao, Minghui","1"
"11310","Cao, Sujiao","1"
"1144","Cao, Tianqing","1"
"1156","Cao, Weiling","1"
"1165","Cao, Xu","1"
"1179","Cao, Yi-meng","1"
"1187","Cao, Yilin","1"
"11910","Cao, Yong","1"
"1204","Cao, Yuan","1"
"12110","Cao, Yuting","1"
"12210","Cao, Zhengguo","1"
"1233","Cao, Zhongliu","1"
"1247","Caputi, Sergio","1"
"12510","Cardelli, Paolo","1"
"1263","Carina, Valeria","1"
"1278","Casado-Diaz, Antonio","1"
"12810","Cerri, P. S.","1"
"1295","Cetin, Mustafa","1"
"13010","Cha, Kyung-Yup","1"
"13110","Chae, Sung-won","1"
"1336","Chai, Jiake","1"
"1347","Chai, Qihao","1"
"13510","Chai, Yi-Min","1"
"13710","Chamberlain, Casey A.","1"
"1382","Chammas, Roger","1"
"13910","Chan, Edward K. L.","1"
"1403","Chan, Wing-Chung","1"
"14110","Chandler, Morgan","1"
"14210","Chang, Chi-Wei","1"
"14310","Chang, Je-Ken","1"
"14410","Chang, Jiang","1"
"14510","Chang, Le","1"
"1462","Chang, Ling-Hua","1"
"1471","Chang, Xiao","1"
"14810","Chang, Yang","1"
"15010","Chen, Chao-Cheng","1"
"15210","Chen, Cheng-Yu","1"
"15310","Chen, Chun-Yuan","1"
"1547","Chen, Chung-Hwan","1"
"15510","Chen, Chunyuan","1"
"1575","Chen, Duanjing","1"
"15810","Chen, Fa-Ming","1"
"16010","Chen, Genyin","1"
"16110","Chen, Guanghua","1"
"16210","Chen, Hairen","1"
"1631","Chen, Haojie","1"
"16410","Chen, Hongyan","1"
"16510","Chen, Hui","1"
"1669","Chen, Jhen-Wei","1"
"16910","Chen, Jiahui","1"
"1704","Chen, Jiaxian","1"
"17110","Chen, Junbo","1"
"17210","Chen, Junyu","1"
"17410","Chen, Kun-Hao","1"
"1768","Chen, Lifeng","1"
"1773","Chen, Lingling","1"
"1783","Chen, Liu-jing","1"
"1792","Chen, Mingxue","1"
"18010","Chen, Nan","1"
"1816","Chen, Ningrong","1"
"1834","Chen, Ping","1"
"1846","Chen, Qianming","1"
"1855","Chen, Qing","1"
"1866","Chen, Rui-xin","1"
"18710","Chen, Shijie","1"
"1885","Chen, Shuo","1"
"18910","Chen, Si","1"
"1917","Chen, Tao","1"
"1926","Chen, Tianning","1"
"1934","Chen, Tuan-Hui","1"
"19410","Chen, Weiyang","1"
"1958","Chen, Wenkai","1"
"1983","Chen, Xiaobo","1"
"1993","Chen, Ximiao","1"
"2005","Chen, Yan","1"
"20110","Chen, Yanfang","1"
"202","Chen, Yanyu","1"
"203","Chen, Yazhou","1"
"204","Chen, Yi-An","1"
"206","Chen, Ying-Yi","1"
"207","Chen, Yong","1"
"208","Chen, Yongjie","1"
"210","Chen, Yuehua","1"
"211","Chen, Yuewei","1"
"212","Chen, Yun","1"
"213","Chen, Yuxuan","1"
"214","Chen, Zejun","1"
"216","Chen, Zhuo","1"
"217","Cheng, Chong","1"
"218","Cheng, Gu","1"
"219","Cheng, Guoping","1"
"220","Cheng, Jin","1"
"221","Cheng, Lixin","1"
"223","Cheng, Pengzhen","1"
"224","Cheng, Yawen","1"
"225","Cheng, Yuen Yee","1"
"226","Cheng, Yuet","1"
"227","Cheow, Y.","1"
"228","Chernomordik, Leonid","1"
"229","Chew, J.","1"
"230","Chew, Jacob Ren Jie","1"
"231","Chi, Xinyu","1"
"232","Chiricosta, Luigi","1"
"233","Chiu, Sain-Jhih","1"
"234","Cho, Woongjin","1"
"236","Choi, J. G.","1"
"237","Chou, Yun-Ting","1"
"238","Christiansen, Silke","1"
"239","Chrzanowski, Wojciech","1"
"240","Chrzastek, Klaudia","1"
"241","Chu, W.","1"
"242","Chuah, S.","1"
"244","Cofano, Fabio","1"
"245","Collins, Michael T.","1"
"246","Conaldi, Pier Giulio","1"
"247","Conigliaro, Alice","1"
"248","Conrad, Stefanie","1"
"249","Conti, Michele","1"
"250","Contreras, Lydia M.","1"
"252","Copus, Joshua S.","1"
"253","Cornel, Erik Jan","1"
"254","Corrigan, Michele","1"
"255","Costa, Viviana","1"
"259","Crosti, M.","1"
"260","Cui, Guanzheng","1"
"262","Cui, Junqi","1"
"263","Cui, Shengji","1"
"264","Cui, Ya","1"
"265","Cui, Yazhou","1"
"266","Cui, Yongzhi","1"
"267","Cui, Zhong-Kai","1"
"268","Cuscino, Nicola","1"
"269","D'Agostini, Matteo","1"
"270","Dahl, Andreas","1"
"271","Dai, Guandong","1"
"272","Dai, Jianghua","1"
"273","Dai, Kerong","1"
"274","Dai, Qinggang","1"
"275","Dai, Wenyu","1"
"276","Dai, Xuesong","1"
"277","Dai, Ying-juan","1"
"278","Dan, Yang","1"
"279","Dang, Lei","1"
"280","Dang, Min-Yan","1"
"281","Dang, Ruijie","1"
"282","Dang, Xiaoqian","1"
"283","Dashtimoghadam, Erfan","1"
"285","Dawes, Helen","1"
"286","de Castro, Luis F.","1"
"287","de Jesus Domingues, Antonio Miguel","1"
"288","De Luca, Angela","1"
"289","De Martino, Viviana","1"
"290","de Menezes, Erika G. Marques","1"
"291","De Vito, Rita","1"
"292","Del Fattore, Andrea","1"
"293","Deng, Haoyuan","1"
"295","Deng, Li","1"
"296","Deng, Lili","1"
"297","Deng, Mingzhu","1"
"298","Deng, Rongli","1"
"299","Deng, Xiangtian","1"
"300","Deng, Yifei","1"
"302","Deng, Yuxin","1"
"303","Denslin, Vinitha","1"
"304","Derkus, Burak","1"
"305","di Perna, Giuseppe","1"
"306","Diarra, Mohamed Diaty","1"
"307","Ding, Chen","1"
"308","Ding, Jia-Ning","1"
"309","Ding, Ning","1"
"310","Ding, Yi","1"
"311","Ding, Yuedi","1"
"312","Ding, Zhengang","1"
"313","Ding, Zhenyu","1"
"314","Ding, Zhiyu","1"
"316","Dobrovolskaia, Marina A.","1"
"317","Dolati, Sanam","1"
"318","Dong-ha, Kim","1"
"320","Dong, Hui","1"
"321","Dong, Lingjuan","1"
"324","Dong, Wenrui","1"
"325","Dong, Xian","1"
"326","Dong, Xinhang","1"
"327","Dong, Xue","1"
"329","Dong, Yufeng","1"
"331","Dong, Zhenyue","1"
"334","Du, Jianzhong","1"
"335","Du, Jingke","1"
"336","Du, Minquan","1"
"337","Du, Qicui","1"
"338","Du, Wei","1"
"339","Du, Wenhua","1"
"340","Du, Wenjia","1"
"341","Du, Xiaotian","1"
"343","Duan, Deyu","1"
"344","Duan, Lianli","1"
"345","Duerig, Jan-Niklas","1"
"346","Duffles, Leticia F.","1"
"347","Duggal, Mandeep S.","1"
"348","Duncan, Neil A.","1"
"349","Eberle, Miranda","1"
"351","Ekstrom, Karin","1"
"352","El-Amin, Saadiq F.","1"
"353","El Haj, Alicia","1"
"354","Elashry, Mohamed I.","1"
"355","Emory-Carter, Alyssa K.","1"
"356","Emregul, Emel","1"
"357","Endo, Satoshi","1"
"358","Engel, Kathrin M.","1"
"359","Eom, Jung-Young","1"
"360","Ercan, Batur","1"
"361","Eremin, P. S.","1"
"362","Esposti, Micaela Degli","1"
"364","Fabbri, Paola","1"
"365","Fahlgren, A.","1"
"366","Fan, Chun","1"
"367","Fan, Cunyi","1"
"370","Fan, Lihong","1"
"371","Fan, Liyuan","1"
"373","Fan, Yifei","1"
"374","Fan, Yubo","1"
"375","Fan, Zhen","1"
"376","Fan, Zhenyu","1"
"378","Fang, Depeng","1"
"379","Fang, Huan","1"
"380","Fang, Jian","1"
"381","Fang, Jinghua","1"
"382","Fang, Qian","1"
"384","Fang, William","1"
"385","Fang, Yuying","1"
"386","Faqeer, Abdullah","1"
"388","Fava, Fabio","1"
"389","Favero, Lorenzo","1"
"390","Favero, Riccardo","1"
"391","Favero, Vittorio","1"
"393","Felice, Betiana","1"
"394","Feng, Cheng","1"
"395","Feng, Chun","1"
"396","Feng, Gang","1"
"397","Feng, Haijun","1"
"398","Feng, Hao","1"
"399","Feng, Jie","1"
"401","Feng, Rongjie","1"
"402","Feng, Siyin","1"
"403","Feng, Xiaobo","1"
"404","Feng, Xinting","1"
"405","Feng, Ye","1"
"406","Feng, Yun-Zhi","1"
"408","Ferracini, Riccardo","1"
"409","Ferreira, Adaliene V. M.","1"
"410","Ferroni, Letizia","1"
"411","Fini, Milena","1"
"412","Fisher, John","1"
"413","Fong, Miranda Y.","1"
"415","Forteza-Genestra, M. A.","1"
"416","Forteza-Genestra, Maria Antonia","1"
"417","Fu, Chieh Ru","1"
"418","Fu, Cuicui","1"
"419","Fu, Dehao","1"
"420","Fu, Huaili","1"
"421","Fu, Jia Hui","1"
"423","Fu, Qichen","1"
"424","Fu, Runqing","1"
"425","Fu, Zhiguang","1"
"426","Fukuda, Toru","1"
"427","Furesi, Giulia","1"
"428","Futakuchi, Mitsuru","1"
"429","Gaetani, Paolo","1"
"430","Gai, Tingting","1"
"432","Gallo, Alessia","1"
"433","Galvez-Moreno, Maria angeles","1"
"434","Gamez-Valero, Ana","1"
"435","Gan, Xueqi","1"
"436","Gan, Yaokai","1"
"437","Gandolfi, Maria Giovanna","1"
"438","Gao, Bo","1"
"439","Gao, Feng","1"
"440","Gao, Hong","1"
"441","Gao, Hui","1"
"442","Gao, Jun","1"
"443","Gao, Pengyu","1"
"444","Gao, Ping-Ping","1"
"445","Gao, Qing","1"
"446","Gao, Siqi","1"
"447","Gao, Weihang","1"
"449","Gao, Xianjun","1"
"451","Gao, Yan","1"
"452","Gao, Yanpan","1"
"453","Gao, Yi","1"
"454","Gao, Yike","1"
"455","Gao, Zheng-Rong","1"
"456","Gao, Zhengliang","1"
"457","Garbossa, Diego","1"
"458","Garcia-Gonzalez, Mario","1"
"459","Gardin, Chiara","1"
"460","Garimella, Rama","1"
"461","Gaya, A.","1"
"462","Ge, Linhu","1"
"463","Ge, Wei","1"
"464","Ge, Zilu","1"
"465","Gebraad, Arjen","1"
"466","Geng, Mengyuan","1"
"467","Geng, Yongtao","1"
"468","Geng, Zilong","1"
"469","Genova, Tullio","1"
"470","Gerner, Iris","1"
"471","Ghanbari, Ali","1"
"472","Ghasemi, Sahar","1"
"473","Giavaresi, Gianluca","1"
"474","Gilbert, Fiona","1"
"475","Gilmutdinova, I. R.","1"
"477","Giovannelli, Lorella","1"
"478","Giuliani, Alessandra","1"
"480","Go, Yoon Young","1"
"481","Goh, Doreen","1"
"482","Gokdemir, Nur Seda","1"
"483","Gonen, Zeynep Burcin","1"
"484","Gonfiantini, Michaela Veronika","1"
"485","Gong, Fengqing","1"
"486","Gong, Qimei","1"
"487","Gong, Ting","1"
"488","Gong, Yujia","1"
"489","Gou, Liping","1"
"490","Graessel, Susanne","1"
"491","Graneli, Cecilia","1"
"492","Graves, Martin J.","1"
"493","Greben, A. I.","1"
"494","Greben, T. N.","1"
"496","Grosskopf, Henning","1"
"497","Grzesiak, Jakub","1"
"498","Gu, G. M.","1"
"499","Gu, Jiawen","1"
"500","Gu, Ke","1"
"502","Gu, Zhengrong","1"
"503","Gu, Zhengtao","1"
"504","Gu, Zhuxiao","1"
"505","Guan, Junjie","1"
"506","Guan, Min","1"
"507","Guan, Pengfei","1"
"508","Guan, Xiuchen","1"
"511","Gui, Linyuan","1"
"512","Gumusderelioglu, Menemse","1"
"513","Guo, Baosheng","1"
"514","Guo, Jia","1"
"516","Guo, Jing","1"
"517","Guo, Jingyi","1"
"518","Guo, Jingyue","1"
"519","Guo, Lina","1"
"520","Guo, Linlin","1"
"521","Guo, Peixuan","1"
"522","Guo, Qiaoyue","1"
"524","Guo, Shang-Chun","1"
"527","Guo, Shuyu","1"
"528","Guo, Weimin","1"
"529","Guo, Xiaodong","1"
"530","Guo, Xiaoshuang","1"
"532","Guo, Yongwen","1"
"533","Guo, Yuanyuan","1"
"534","Guo, Yue","1"
"535","Guo, Zecong","1"
"536","Guo, Zheng","1"
"537","Gupta, Archita","1"
"538","Gupta, Ashim","1"
"539","Gupta, Purva","1"
"540","Gupta, Sneha","1"
"541","Gupta, Suchi","1"
"542","Hackl, Matthias","1"
"543","Haimi, Suvi","1"
"544","Hajialilo, Mehrzad","1"
"545","Hallbeck, M.","1"
"547","Han, Chun-shan","1"
"548","Han, Dan","1"
"549","Han, Fei","1"
"550","Han, Guanghong","1"
"551","Han, Jianmin","1"
"552","Han, Jinxiang","1"
"553","Han, Pingping","1"
"554","Han, Shaofang","1"
"555","Han, Shijie","1"
"557","Han, Yu","1"
"560","Hart, David A.","1"
"561","Hasani-Sadrabadi, Mohammad Mahdi","1"
"562","Hashimoto, Kyoko","1"
"563","Hata, Masaki","1"
"564","Hattori, Toshio","1"
"565","He, Chaofan","1"
"566","He, Chenyang","1"
"568","He, Haoyu","1"
"569","He, Jia","1"
"570","He, Lei","1"
"571","He, Lin-hai","1"
"572","He, Linhai","1"
"573","He, Longlong","1"
"574","He, P.","1"
"575","He, Pan","1"
"576","He, Peipei","1"
"577","He, Qingqing","1"
"578","He, Qingyi","1"
"579","He, Rongxin","1"
"580","He, Shisheng","1"
"581","He, Shushu","1"
"583","He, Tong-Chuan","1"
"584","He, Xiao-Ning","1"
"585","He, Xiao-Tao","1"
"587","He, Xiaoya","1"
"588","He, Xu","1"
"589","He, Yang","1"
"591","He, Yi","1"
"592","He, Yide","1"
"593","He, Yiruo","1"
"594","He, Yuanjia","1"
"595","He, Zihao","1"
"596","Heimann, Manuela","1"
"597","Heirani-Tabasi, Asieh","1"
"598","Heitzer, Marius","1"
"599","Hempel, Ute","1"
"600","Henson, Frances","1"
"601","Heredia, Joyce E.","1"
"602","Herrmann, Marietta","1"
"603","Hibi, H.","1"
"605","Hiraki, Tomoka","1"
"606","Ho, Mei-Ling","1"
"607","Hoang, Ba Xuan","1"
"610","Hofbauer, Christine","1"
"611","Hofbauer, Lorenz C.","1"
"612","Hoffmann, Bjoern","1"
"615","Holliday, Sophia A.","1"
"616","Holsey, Dontreyl","1"
"617","Hölzle, Frank","1"
"618","Honda, Masaki","1"
"619","Hong, Shebin","1"
"620","Hong, Xiaoping","1"
"621","Hong, Yong-Long","1"
"622","Hong, Zheng","1"
"623","Horch, Raymund E.","1"
"625","Hou, Cai-Yao","1"
"626","Hou, Caiyao","1"
"627","Hou, Changju","1"
"628","Hou, Lei","1"
"629","Hou, Yunlong","1"
"630","Hou, Zuoxu","1"
"631","Houston, Gavin","1"
"632","Hsieh, Ya-Ju","1"
"633","Hsu, Chin-Jung","1"
"634","Hsu, Ginny Ching-Yun","1"
"636","Hu, Cheng-Hu","1"
"637","Hu, Han","1"
"638","Hu, Ji'an","1"
"639","Hu, Jiang-tian","1"
"640","Hu, Jue","1"
"641","Hu, Junxian","1"
"643","Hu, Liqiang","1"
"644","Hu, Sen","1"
"645","Hu, Shanshan","1"
"646","Hu, Wenyun","1"
"647","Hu, Xiangying","1"
"649","Hu, Xiaoxia","1"
"650","Hu, Xin-Mei","1"
"651","Hu, Xuejiao","1"
"654","Hu, Yiming","1"
"655","Hu, Yin","1"
"656","Hu, Yingzhe","1"
"658","Hu, Zihe","1"
"659","Hua, Yongmei","1"
"660","Huang, Ba","1"
"661","Huang, Bo","1"
"663","Huang, G.","1"
"664","Huang, Haisen","1"
"665","Huang, Haoqiang","1"
"666","Huang, Huanxuan","1"
"667","Huang, Jianhua","1"
"668","Huang, Jianyong","1"
"669","Huang, Jie","1"
"671","Huang, Kui-Chou","1"
"672","Huang, Mingjian","1"
"673","Huang, Qinqin","1"
"674","Huang, Shuheng","1"
"675","Huang, Shuwen","1"
"676","Huang, Siyuan","1"
"677","Huang, Songya","1"
"678","Huang, Tongling","1"
"679","Huang, Wenyan","1"
"680","Huang, Xiangru","1"
"681","Huang, Xiaojun","1"
"682","Huang, Xiaoyuan","1"
"683","Huang, Xin","1"
"684","Huang, Xingru","1"
"685","Huang, Xinqia","1"
"687","Huang, Yan","1"
"688","Huang, Yue","1"
"689","Huang, Yuhang","1"
"690","Huang, Zhengwei","1"
"691","Hui, J.","1"
"694","Huo, Mengjie","1"
"695","Huo, Na","1"
"696","Hwang, Hee Sook","1"
"698","Imanishi, Yuka","1"
"699","Infante, Arantza","1"
"701","Isaacson, Janalee","1"
"703","Isik, Melis","1"
"704","Ivanovski, Saso","1"
"705","Jafarpoor, Mehdi","1"
"706","Jaiman, Deepika","1"
"708","Jamshidi, Khodamorad","1"
"709","Jang, Bo-Young","1"
"710","Jay, Steven M.","1"
"711","Jeanne, Sylvie","1"
"712","Jelen, Marta","1"
"713","Jeng, Fong-Shya","1"
"714","Jenkner, Alessandro","1"
"715","Jenner, Florien","1"
"716","Jeong, Yunhui","1"
"717","Jeyaram, Anjana","1"
"718","Ji, Fang","1"
"719","Ji, Gang","1"
"720","Ji, Guangrong","1"
"721","Jia, Lingfei","1"
"722","Jia, Linglu","1"
"723","Jia, Ya","1"
"726","Jiang, Bo","1"
"728","Jiang, Guangyao","1"
"729","Jiang, Lingyong","1"
"730","Jiang, Nan","1"
"731","Jiang, Peng","1"
"733","Jiang, Shengjie","1"
"734","Jiang, Shengjun","1"
"735","Jiang, Shuangpeng","1"
"737","Jiang, Weiran","1"
"738","Jiang, Wu","1"
"740","Jiang, Xinquan","1"
"741","Jiang, Yuhai","1"
"743","Jiang, Zhenyou","1"
"744","Jiang, Zhiwei","1"
"745","Jiao, Chunmeng","1"
"746","Jiao, Haibin","1"
"747","Jimenez-Navarro, Carolina","1"
"748","Jin, Anting","1"
"750","Jin, Qianrui","1"
"751","Jin, Qiaoqiao","1"
"752","Jin, Shanshan","1"
"753","Jin, Xiaolei","1"
"754","Jin, Xinmeng","1"
"756","Jin, Ye","1"
"757","Jing, Heng","1"
"759","Jing, Xuan","1"
"761","Jing, Zhaopu","1"
"762","Johansson, L.","1"
"763","Johnson, Brittany","1"
"764","Johnson, Gillian P.","1"
"765","Johnson, Nigel","1"
"766","Jones, Marie-christine","1"
"767","Jones, Marie-Christine","1"
"768","Kadir, Nurul Dinah","1"
"769","Kaggie, Joshua D.","1"
"771","Kalionis, Bill","1"
"773","Kamolmattayakul, Suttatip","1"
"774","Kanada, Masamitsu","1"
"775","Kanda, Hiroaki","1"
"776","Kang, Fei","1"
"777","Kang, Huijun","1"
"778","Kang, Ii-Jun","1"
"779","Kang, Jiawei","1"
"780","Kang, Lin","1"
"781","Kang, M.","1"
"782","Kang, Min-Kyung","1"
"787","Kang, Young-Hee","1"
"789","Katagiri, Hiroki","1"
"790","Katagiri, Wataru","1"
"791","Katchburian, E.","1"
"792","Kato, Tomohiro","1"
"793","Kaur, Sippy","1"
"794","Kawana, Khadiga Y. Y.","1"
"795","Kawano, Mitsuoki","1"
"796","Kawata, Kazumasa","1"
"797","Ke, Chien-Chih","1"
"798","Ke, Wencan","1"
"799","Kern, Barbara","1"
"800","Khabbazi, Alireza","1"
"802","Khisamutdinov, Emil","1"
"804","Kim, Do Kyung","1"
"805","Kim, Dong-Ha","1"
"806","Kim, Dong Yeon","1"
"807","Kim, Ho Min","1"
"808","Kim, Hyuk-Soon","1"
"810","Kim, Jee-In","1"
"811","Kim, Jihoon","1"
"812","Kim, Jung-Eun","1"
"813","Kim, Min","1"
"814","Kim, Minjeong","1"
"816","Kim, Y.","1"
"817","King, G. J.","1"
"818","Klymiuk, Michele Christian","1"
"819","Knoedler, Samuel","1"
"820","Kobayashi, Tadaharu","1"
"821","Koehling, Sebastian","1"
"822","Koga, Hideyuki","1"
"823","Kohavi, David","1"
"824","Konchugova, T. V.","1"
"825","Kondyurin, Alexey","1"
"826","Kong, Bin","1"
"827","Kong, Dece","1"
"828","Kong, Li","1"
"830","Kong, Lingzhi","1"
"831","Kong, Siyi","1"
"832","Konig, Brigitte","1"
"833","Korkusuz, Petek","1"
"834","Kornilov, Roman","1"
"835","Kosaka, Nobuyoshi","1"
"836","Kostromina, E. Yu","1"
"837","Koura, Azza S. S.","1"
"838","Krawetz, Roman","1"
"839","Krishnakumar, Vishnu","1"
"840","Krokhin, Oleg","1"
"841","Kuang, Haizhu","1"
"842","Kuang, Hui-Juan","1"
"843","Kuang, Mingjie","1"
"845","Kunimatsu, Ryo","1"
"847","Kurth, Thomas","1"
"848","Kwon, Hyo-Jung","1"
"849","Kwun, In-Sook","1"
"850","Labour, Marie-Noelle","1"
"851","Lai, Chenzhi","1"
"852","Lai, Guohua","1"
"854","Lai, Renfa","1"
"856","Lai, Shuang","1"
"857","Lan, Yanhua","1"
"859","Laner-Plamberger, Sandra","1"
"860","Lang, Meidong","1"
"861","Lang, Xuemei","1"
"862","Lavazza, C.","1"
"863","Lazzari, L.","1"
"865","Lee, A. E.","1"
"866","Lee, Alvin Kai-Xing","1"
"867","Lee, Cassidy E.","1"
"868","Lee, Chan-Hyeong","1"
"869","Lee, Chan-mi","1"
"870","Lee, Chan-Mi","1"
"872","Lee, E.","1"
"875","Lee, Minju","1"
"876","Lee, Sang-Hoon","1"
"877","Lee, Sang Jin","1"
"878","Lee, Sanghyuk","1"
"879","Lee, Sangkyu","1"
"880","Lee, Seung-Cheol","1"
"881","Lee, Seung-Ho","1"
"882","Lee, Seung-Hoon","1"
"883","Lee, Seunghoon","1"
"884","Lee, Seungyong","1"
"885","Lee, Soo-Hong","1"
"886","Lee, Soonchul","1"
"887","Lee, Sunjun","1"
"888","Lehmann, Joerg","1"
"889","Lehmann, Robert T.","1"
"890","Lei, Fengzhen","1"
"891","Lei, Jie","1"
"893","Lei, Qingyu","1"
"894","Leonard, Catherine","1"
"895","Levy, Howard J.","1"
"897","Li, Arthur","1"
"899","Li, Chen","1"
"900","Li, Chenchao","1"
"901","Li, Chenzhi","1"
"902","Li, Congsun","1"
"903","Li, Daiye","1"
"904","Li, Di","1"
"906","Li, Dong","1"
"908","Li, Fangying","1"
"909","Li, Feiyang","1"
"910","Li, Fu-Xing-Zi","1"
"911","Li, Gaocai","1"
"912","Li, Gen","1"
"913","Li, Guangfeng","1"
"914","Li, Guangjie","1"
"915","Li, Haile","1"
"917","Li, Hanjun","1"
"918","Li, Hongyu","1"
"920","Li, Jiajing","1"
"921","Li, Jianmei","1"
"922","Li, Jianwen","1"
"923","Li, Jiao","1"
"924","Li, Jiao Jiao","1"
"927","Li, Jinsong","1"
"928","Li, Juehong","1"
"930","Li, Junjin","1"
"931","Li, Juntan","1"
"932","Li, Kehan","1"
"933","Li, Lingling","1"
"934","Li, Linhao","1"
"936","Li, Lvyuan","1"
"937","Li, Maojiao","1"
"938","Li, Maoqiang","1"
"939","Li, Maoxue","1"
"940","Li, Mei","1"
"941","Li, Mengjie","1"
"942","Li, Mengting","1"
"943","Li, Moxiao","1"
"944","Li, Mujia","1"
"945","Li, Muzhe","1"
"946","Li, Pei","1"
"947","Li, Peilun","1"
"950","Li, Qianer","1"
"951","Li, Qiming","1"
"955","Li, Ruixin","1"
"956","Li, Ruoqing","1"
"957","Li, Shanyu","1"
"958","Li, Shaozeng","1"
"959","Li, Shengnan","1"
"960","Li, Shilun","1"
"961","Li, Shushan","1"
"962","Li, Shuyi","1"
"963","Li, Sihao","1"
"965","Li, Song","1"
"967","Li, Tingwei","1"
"968","Li, Wan-Ju","1"
"971","Li, Wenyue","1"
"972","Li, Xiang","1"
"973","Li, Xiao-Fei","1"
"974","Li, Xiaofei","1"
"975","Li, Xiaojing","1"
"976","Li, Xiaokang","1"
"979","Li, Xinlun","1"
"981","Li, Xinyue","1"
"982","Li, Xu","1"
"983","Li, Xu-Ran","1"
"984","Li, Xuan","1"
"985","Li, Xuejian","1"
"986","Li, Xuran","1"
"987","Li, Yancheng","1"
"988","Li, Yanhong","1"
"989","Li, Yanqun","1"
"991","Li, Yaxin","1"
"992","Li, Ye","1"
"994","Li, Yinghui","1"
"995","Li, Yingxue","1"
"996","Li, Yu","1"
"997","Li, Yuanqing","1"
"998","Li, Yuezhan","1"
"999","Li, Yukun","1"
"1000","Li, Yulin","1"
"1001","Li, Yunchao","1"
"1002","Li, Yuwei","1"
"1003","Li, Zechuan","1"
"1005","Li, Zhengmao","1"
"1006","Li, Zhi","1"
"1007","Li, Zhifeng","1"
"1008","Li, Zhihao","1"
"1009","Li, Ziyang","1"
"1010","Li, Ziyi","1"
"1012","Li, Zongguang","1"
"1013","Li, Zonghuan","1"
"1015","Liang, Bo","1"
"1016","Liang, Cheng","1"
"1017","Liang, Cun","1"
"1018","Liang, Jia-Ming","1"
"1019","Liang, Leilei","1"
"1022","Liao, Chongshan","1"
"1025","Liao, Lifan","1"
"1026","Liao, Wenbo","1"
"1027","Liao, Xian-min","1"
"1028","Liao, Zhiwei","1"
"1029","Liao, Zhiyao","1"
"1030","Liao, Ziqi","1"
"1031","Lidgren, Lars","1"
"1032","Lim, A.","1"
"1033","Lim, Asher","1"
"1034","Lim, Jae-Hwan","1"
"1035","Lim, Lum Peng","1"
"1038","Lima Moura, Silio","1"
"1039","Limjunyawong, Nathachit","1"
"1040","Lin, Caorui","1"
"1041","Lin, Chen","1"
"1042","Lin, Fangqi","1"
"1044","Lin, Jiaquan","1"
"1046","Lin, Ling","1"
"1047","Lin, Ping","1"
"1048","Lin, Shuai","1"
"1049","Lin, Sihan","1"
"1050","Lin, Sijian","1"
"1052","Lin, Tingting","1"
"1053","Lin, Tsung-Li","1"
"1054","Lin, Wei","1"
"1055","Lin, Wenping","1"
"1056","Lin, Yao","1"
"1058","Lin, Yunting","1"
"1060","Lin, Zhengmei","1"
"1061","Liszka, A.","1"
"1063","Liu, Ansong","1"
"1064","Liu, Baoyi","1"
"1065","Liu, Beibei","1"
"1066","Liu, Bin","1"
"1067","Liu, Can","1"
"1068","Liu, Cong","1"
"1069","Liu, Cuilian","1"
"1071","Liu, Donghua","1"
"1072","Liu, Dongzhou","1"
"1073","Liu, Fen","1"
"1074","Liu, Feng-Zhen","1"
"1075","Liu, Fengzhen","1"
"1076","Liu, Gejun","1"
"1079","Liu, Haifeng","1"
"1080","Liu, Haijie","1"
"1083","Liu, Hao-Ming","1"
"1084","Liu, Haojie","1"
"1085","Liu, Hongchen","1"
"1086","Liu, Hui","1"
"1087","Liu, Jiahe","1"
"1088","Liu, Jiani","1"
"1089","Liu, Jiaqi","1"
"1090","Liu, Jichao","1"
"1091","Liu, Jieying","1"
"1092","Liu, Jin","1"
"1093","Liu, Jingwen","1"
"1094","Liu, Jingyi","1"
"1095","Liu, Kang","1"
"1097","Liu, Li","1"
"1098","Liu, Lingying","1"
"1100","Liu, Lujie","1"
"1101","Liu, Meixi","1"
"1102","Liu, Meng-yu","1"
"1103","Liu, Minyi","1"
"1104","Liu, Na","1"
"1105","Liu, Ping","1"
"1106","Liu, Qi","1"
"1108","Liu, Qiong","1"
"1109","Liu, Ren-Shyan","1"
"1110","Liu, Rui","1"
"1111","Liu, Ruiyu","1"
"1112","Liu, Shencai","1"
"1116","Liu, Tong","1"
"1118","Liu, Weilu","1"
"1119","Liu, Wen","1"
"1120","Liu, Wenbin","1"
"1121","Liu, Xianbo","1"
"1122","Liu, Xiangning","1"
"1124","Liu, Xiangyu","1"
"1125","Liu, Xiaolin","1"
"1126","Liu, Xiaonan","1"
"1127","Liu, Xinru","1"
"1128","Liu, Xuanchen","1"
"1129","Liu, Xuchang","1"
"1130","Liu, Xuenan","1"
"1131","Liu, Xuhua","1"
"1132","Liu, Xuxiang","1"
"1135","Liu, Yaoshan","1"
"1136","Liu, Yaoxi","1"
"1137","Liu, Yaqin","1"
"1139","Liu, Yi-Wei","1"
"1140","Liu, Yichao","1"
"1143","Liu, Yuanqi","1"
"1146","Liu, Zhe","1"
"1147","Liu, Zheng-Zhao","1"
"1148","Liu, Zhi","1"
"1149","Liu, Zhijun","1"
"1151","Liu, Ziwei","1"
"1152","Lommel, M.","1"
"1153","Lopez-Pena, Monica","1"
"1154","Lotz, Martin K.","1"
"1155","Lou, Yabing","1"
"1157","Lowery, Michelle C.","1"
"1158","Lu, Cheng-Hsiu","1"
"1160","Lu, Hui","1"
"1161","Lu, Jiaxu","1"
"1162","Lu, Jinwei","1"
"1163","Lu, Jiuqing","1"
"1164","Lu, Tingwei","1"
"1166","Lu, Weiguang","1"
"1168","Lu, Xiaojie","1"
"1170","Lu, Yun","1"
"1171","Luan, Jing","1"
"1172","Ludewig, Eberhard","1"
"1173","Lukas, Christoph","1"
"1175","Luo, Rongjin","1"
"1177","Luo, Yian","1"
"1180","Luo, Zhiming","1"
"1181","Luo, Zhiwen","1"
"1182","Luo, Zhong-Wei","1"
"1183","Lv, Long","1"
"1185","Lv, Qi","1"
"1186","Lv, Shunli","1"
"1188","Lv, Zhao-Yong","1"
"1189","Lv, Zhaoyong","1"
"1190","Lyngstadaas, Staale Petter","1"
"1191","Lyu, Sha","1"
"1192","Ma, Chunhui","1"
"1193","Ma, Jing","1"
"1194","Ma, Jun","1"
"1195","Ma, Junqing","1"
"1196","Ma, Lang","1"
"1197","Ma, Li-ya","1"
"1198","Ma, Liang","1"
"1199","Ma, Limin","1"
"1200","Ma, Peter X.","1"
"1202","Ma, Shaoyang","1"
"1203","Ma, Shengli","1"
"1207","Ma, Wensheng","1"
"1209","Ma, Xue","1"
"1210","Ma, Yanchao","1"
"1212","Ma, Yuan-yuan","1"
"1213","Ma, Yue","1"
"1214","Ma, Zaisong","1"
"1216","Mabuchi, Yo","1"
"1217","Maburutse, B. E.","1"
"1218","Mac, Maegele","1"
"1219","Macari, Soraia","1"
"1220","Macchiaiolo, Marina","1"
"1221","Macias, Iratxe","1"
"1222","MacKay, James","1"
"1223","Maffulli, Nicola","1"
"1224","Malekshahi, Ziba Veisi","1"
"1226","Man, Zhentao","1"
"1227","Mandracchia, Delia","1"
"1228","Mannerstrom, Bettina","1"
"1229","Manno, Mauro","1"
"1230","Manzoli, Lucia","1"
"1231","Mao, Chuanbin","1"
"1232","Mao, Haijiao","1"
"1234","Mao, Jing","1"
"1235","Mao, Lixia","1"
"1236","Mao, Xinru","1"
"1237","Mao, Yupu","1"
"1238","Mariani, Eda","1"
"1240","Markides, Hareklea","1"
"1241","Markov, P. A.","1"
"1242","Martí, Mercè","1"
"1243","Marycz, Krzysztof","1"
"1244","Matsuba, Takashi","1"
"1245","Matsubara, Tatsuaki","1"
"1246","Matsukawa, Ryohei","1"
"1248","McHugh, Kevin P.","1"
"1249","Meek, W. D.","1"
"1250","Mehanna, Radwa A. A.","1"
"1251","Mehdizadeh, Amir","1"
"1252","Mei, Haibo","1"
"1253","Mei, Peng","1"
"1254","Meissner, Justyna","1"
"1255","Meng, Chun-Xiu","1"
"1256","Meng, Chunxiu","1"
"1257","Meng, Li","1"
"1258","Meng, Ling'ao","1"
"1259","Meng, Lingao","1"
"1260","Meng, Shuhui","1"
"1261","Meng, Ying","1"
"1262","Meng, Zhen","1"
"1264","Meyers, Carolyn A.","1"
"1266","Mi, Ziyue","1"
"1267","Miao, Jinglei","1"
"1268","Miao, Sheng","1"
"1269","Michigami, Toshimi","1"
"1270","Miettinen, Susanna","1"
"1271","Mikhael, Christy","1"
"1272","Milovanovic, Petar","1"
"1273","Ming, Leiguo","1"
"1274","Minisola, Salvatore","1"
"1276","Mishra, Ankita","1"
"1277","Miszuk, Jacob M.","1"
"1279","Miyatake, Kazumasa","1"
"1280","Mizutani, Makoto","1"
"1281","Modabber, Ali","1"
"1282","Moeller, Stephanie","1"
"1283","Mohanty, Sujata","1"
"1284","Monguio-Tortajada, Marta","1"
"1285","Monjo, M.","1"
"1286","Monjo, Marta","1"
"1287","Moradi, Nahid","1"
"1288","Moran, Corey S. S.","1"
"1289","Moro, M.","1"
"1290","Moshaverinia, Alireza","1"
"1291","Motavalli, Roza","1"
"1292","Mou, Shan","1"
"1293","Mu, Qing","1"
"1294","Mu, Yandong","1"
"1296","Mueller, Claudia Damaris","1"
"1297","Munoz, Fernando","1"
"1298","Mussano, Federico","1"
"1300","Na, Jing","1"
"1301","Na, Woojin","1"
"1302","Nadi, Akram","1"
"1303","Nakagawa, Yusuke","1"
"1304","Nakajima, Kengo","1"
"1305","Nakamichi, E.","1"
"1306","Nakamura, Yoshihiro","1"
"1307","Nakasa, Tomoyuki","1"
"1308","Nakatani, Ayaka","1"
"1309","Nan, Kai","1"
"1310","Nanci, Antonio","1"
"1311","Narayanan, Raghuvaran","1"
"1312","Naruse, Keiko","1"
"1313","Negri, Stefano","1"
"1314","Neo, Shu Hui","1"
"1315","Neubert, John K.","1"
"1316","Neuss, Sabine","1"
"1317","Ni, Jiangdong","1"
"1319","Ni, Yifeng","1"
"1320","Nie, Jiaming","1"
"1321","Nie, Yi","1"
"1322","Niki, Toshiro","1"
"1323","Ning, Chao","1"
"1324","Ning, Chengyun","1"
"1325","Ning, Fenru","1"
"1328","Noël, Danièle","1"
"1329","Noller, Kathleen","1"
"1331","Norris, Philip J.","1"
"1332","Novella, Agnes","1"
"1333","Novello, Solen","1"
"1334","Noxon, S. J.","1"
"1335","Nuntanaranont, Thongchai","1"
"1337","Obed, Doha","1"
"1338","Ochi, Hiroki","1"
"1341","Odabas, Sedat","1"
"1342","Oh, Moon-Sik","1"
"1343","Oh, S.","1"
"1344","Oh, Su Yeon","1"
"1345","Okawa, Atsushi","1"
"1346","Oliveira, Marina C.","1"
"1348","Omar, Omar","1"
"1349","Omi, Maiko","1"
"1350","Omidvar, Mohammad Hasan","1"
"1351","Onger, Mehmet Emin","1"
"1353","Ouyang, Liu","1"
"1354","Ozawa, Shogo","1"
"1355","Ozgur, Erdogan","1"
"1356","Ozkan, Buket Banu","1"
"1357","Ozturk-Kup, Fatma","1"
"1358","Pachler, Karin","1"
"1359","Padhiar, Arshad Ahmed","1"
"1360","Palomares, Melanie","1"
"1361","Pan, Changyu","1"
"1363","Pan, Qunwen","1"
"1364","Pan, Yuanwei","1"
"1365","Pan, Zongyou","1"
"1367","Pang, Chunfeng","1"
"1368","Pang, Xining","1"
"1369","Pansani, Taisa Nogueira","1"
"1370","Parazzi, V.","1"
"1371","Parchi, Greta","1"
"1372","Park, D. J.","1"
"1373","Park, Hyoeun","1"
"1374","Park, JeongSu","1"
"1375","Park, Jinho","1"
"1376","Park, M. R.","1"
"1377","Park, Sin-Hye","1"
"1378","Park, Sohyun","1"
"1379","Park, Sunghyun","1"
"1381","Pathak, Janak Lal","1"
"1383","Pei, Dandan","1"
"1384","Pei, Guoxian","1"
"1385","Pei, Ming","1"
"1386","Pei, Xibo","1"
"1387","Pei, Yixuan Amy","1"
"1388","Pellen-Mussi, Pascal","1"
"1389","Peltoniemi, Hilkka","1"
"1390","Peng, Ge","1"
"1391","Peng, Hao","1"
"1392","Peng, Hourong","1"
"1393","Peng, Linrui","1"
"1394","Peng, Ying","1"
"1395","Peng, Zhen","1"
"1396","Perale, Giuseppe","1"
"1397","Perez, Raymond","1"
"1398","Permuy, Maria","1"
"1400","Phan, Thanh Huyen","1"
"1401","Phelps, Jolene","1"
"1402","Piard, Charlotte","1"
"1405","Pividori, M. Isabel","1"
"1407","Porzio, Ottavia","1"
"1408","Prati, Carlo","1"
"1409","Putranti, Nurul Aisyah Rizky","1"
"1411","Qi, Baoyu","1"
"1412","Qi, Cheng","1"
"1413","Qi, Hui","1"
"1416","Qi, Zhong-Quan","1"
"1417","Qian, Cheng","1"
"1418","Qian, Jin","1"
"1419","Qian, Yun","1"
"1421","Qiang, Hui-Fen","1"
"1422","Qiang, Huifen","1"
"1423","Qiao, Bo","1"
"1424","Qiao, Fangyu","1"
"1425","Qiao, Hu","1"
"1426","Qin, Hao","1"
"1427","Qin, Jianghui","1"
"1428","Qin, Kang","1"
"1429","Qin, Qizhi","1"
"1431","Qiu, Guixing","1"
"1432","Qiu, Huiguo","1"
"1433","Qiu, Kang","1"
"1434","Qiu, Li","1"
"1435","Qiu, Lihong","1"
"1438","Qu, Xinhua","1"
"1439","Qu, Yanling","1"
"1440","Qu, Yanzhen","1"
"1441","Qu, Ying","1"
"1442","Que, Yunduan","1"
"1443","Quesada-Gomez, Jose Manuel","1"
"1444","Rabbani, Shahram","1"
"1445","Raccosta, Samuele","1"
"1446","Rademann, Joerg","1"
"1447","Ragni, E.","1"
"1448","Rahmati, Shima","1"
"1449","Raimondi, Lavinia","1"
"1450","Ramallho, Janaina","1"
"1451","Ramis, J. M.","1"
"1452","Ramis, Joana M.","1"
"1453","Ran, Ning","1"
"1454","Rana, Ippolita","1"
"1456","Ranjbar, Afsaneh Esmaeili","1"
"1458","Rao, E. Pranshu","1"
"1459","Rao, Lang","1"
"1460","Rao, Shan-Shan","1"
"1461","Rauner, Martina","1"
"1463","Reinders, Yvonne","1"
"1464","Reinert, Anja","1"
"1465","Ren, Dapeng","1"
"1466","Ren, Hao","1"
"1467","Ren, Lili","1"
"1470","Ren, Xuefeng","1"
"1473","Rikitake, Kodai","1"
"1474","Roato, Ilaria","1"
"1475","Rodriguez, Clara I.","1"
"1476","Rodriguez, Hugo C.","1"
"1477","Rodriguez, Raul D.","1"
"1480","Rojas-Marquez, Raquel","1"
"1481","Rong, Xiao","1"
"1482","Ronold, Hans Jacob","1"
"1483","Rosa, Vinicius","1"
"1484","Rosen, Graciela","1"
"1485","Rossi, Filippo","1"
"1486","Rossi, Michela","1"
"1487","Roura, Santiago","1"
"1488","Routh, R.","1"
"1489","Rowe, Peter","1"
"1490","Ruan, Zihang","1"
"1491","Russelli, Giovanna","1"
"1492","Saba, Fakhredin","1"
"1493","Sack, Ulrich","1"
"1495","Sakai, K.","1"
"1496","Sakata, Shuzo","1"
"1497","Salem, Aliasger K.","1"
"1498","Salomon, Carlos","1"
"1499","Sanchez, M. Alejandra","1"
"1500","Sang, Hongxun","1"
"1501","Sang, Xinyu","1"
"1502","Sapoznikov, Lari","1"
"1503","Sappia, Luciano D.","1"
"1504","Sarau, George","1"
"1505","Saredi, S.","1"
"1506","Sato, Mari","1"
"1507","Sato, Shingo","1"
"1508","Schallmoser, Katharina","1"
"1509","Scheidt, Annika vom","1"
"1510","Scherberich, Arnaud","1"
"1511","Schiller, Juergen","1"
"1513","Schnabelrauch, Matthias","1"
"1514","Schubert, Kristin","1"
"1515","Schweizer, Michaela","1"
"1516","Scionti, Domenico","1"
"1517","Scocozza, Franca","1"
"1518","Scortecci, Gerard","1"
"1519","Sedik, Aya S. S.","1"
"1521","Sekiya, Ichiro","1"
"1522","Sela, Michael N.","1"
"1523","Sen, Arindom","1"
"1524","Sena, Gabriela","1"
"1525","Seo, Wonhyo","1"
"1526","Seppala, Jukka","1"
"1527","Seppanen-Kaijansinkko, Riitta","1"
"1528","Shah, Sophia","1"
"1529","Shane, Elizabeth","1"
"1530","Shang, Donglong","1"
"1531","Shang, Fengqing","1"
"1532","Shang, Jiaming","1"
"1534","Shanti, R. M.","1"
"1535","Shao, Hanyu","1"
"1536","Shao, Jin","1"
"1537","Shao, Liuqi","1"
"1538","Shao, Mingzhe","1"
"1539","Shao, Pei-Lin","1"
"1540","Shao, Xiaoyan","1"
"1542","She, Xiao","1"
"1543","Shen, Bin","1"
"1544","Shen, Enpu","1"
"1545","Shen, Kailun","1"
"1546","Shen, Li-Hang","1"
"1549","Shen, Sumin","1"
"1550","Shen, Xiaofeng","1"
"1552","Shen, Zhenhai","1"
"1553","Shen, Zongshan","1"
"1554","Sheng, Bing","1"
"1555","Sheng, Shihao","1"
"1556","Sheng, Weibin","1"
"1557","Shi, Henglei","1"
"1558","Shi, Jiajun","1"
"1559","Shi, Jingyu","1"
"1560","Shi, Miusi","1"
"1562","Shi, S.","1"
"1563","Shi, S. H.","1"
"1564","Shi, Songtao","1"
"1565","Shi, Weiwei","1"
"1566","Shi, Wentao","1"
"1567","Shi, Wenzhe","1"
"1568","Shi, Xin","1"
"1569","Shi, Yang","1"
"1570","Shi, Yunsong","1"
"1571","Shi, Zhanjun","1"
"1572","Shi, Zhen","1"
"1574","Shin, Min Kyoung","1"
"1576","Shou, Jiali","1"
"1577","Shu, Rui","1"
"1578","Shuai, Yi","1"
"1579","Si, Hai-Bo","1"
"1580","Sickmann, Albert","1"
"1581","Silva, Francine R. F.","1"
"1582","Silva, Tarcilia A.","1"
"1583","Silvestrini, G.","1"
"1584","Sima, Jincheng","1"
"1586","Singh, Sneha","1"
"1588","Smieszek, Agnieszka","1"
"1590","Soltani-Zangbar, Mohammad Sadegh","1"
"1591","Song, Byoung-Joon","1"
"1592","Song, Guodong","1"
"1593","Song, Hongyuan","1"
"1594","Song, Hongyun","1"
"1597","Song, Kedong","1"
"1598","Song, Meng","1"
"1599","Song, Qiancheng","1"
"1601","Song, Wen","1"
"1602","Song, Yu","1"
"1603","Song, Zhen","1"
"1604","Song, Zhi","1"
"1605","Song, Zi-jun","1"
"1606","Soni, Naina","1"
"1607","Sono, Takashi","1"
"1609","Soufi-Zomorrod, Mina","1"
"1610","Soufizomorrod, Mina","1"
"1611","Spence, Madoka","1"
"1612","Spicer, Victor","1"
"1613","Steinberg, Doron","1"
"1614","Stoeckl, Sabine","1"
"1615","Strahl, S.","1"
"1617","Su, Lingkai","1"
"1618","Su, Xiaoping","1"
"1620","Su, Ya","1"
"1621","Su, Yanlin","1"
"1622","Su, Yongwei","1"
"1623","Su, Yu-Xiong","1"
"1624","Sui, Bing-Dong","1"
"1627","Sun, Baoqi","1"
"1628","Sun, Hongli","1"
"1632","Sun, Mingman","1"
"1633","Sun, Muyang","1"
"1634","Sun, Qi","1"
"1635","Sun, Ruinan","1"
"1636","Sun, Siyuan","1"
"1637","Sun, Xiaodi","1"
"1639","Sun, Yang","1"
"1640","Sun, Yingjia","1"
"1641","Sunamura, Satoko","1"
"1642","Sung, Jung-Suk","1"
"1643","Suzuki, Tomohide","1"
"1644","Swanson, W. Benton","1"
"1645","Sztuba-Solinska, Joanna","1"
"1646","Tae, Hyun-Jin","1"
"1647","Tafti, Seyed Hossein Ahmadi","1"
"1648","Taghdiri-Nooshabadi, Zahra","1"
"1649","Taipaleenmaeki, Hanna","1"
"1650","Takebe, Jun","1"
"1651","Takeda, Shu","1"
"1652","Takeuchi, Ryoko","1"
"1653","Tamura, Masato","1"
"1654","Tan, Dehong","1"
"1655","Tan, Guoxin","1"
"1656","Tan, Jian Xiong","1"
"1657","Tan, Jiulin","1"
"1658","Tan, Li","1"
"1659","Tan, Qian","1"
"1660","Tan, Wanye","1"
"1661","Tan, Yi-Juan","1"
"1662","Tang, Cuizhu","1"
"1663","Tang, Donge","1"
"1664","Tang, Han","1"
"1665","Tang, Hao","1"
"1666","Tang, Hong","1"
"1667","Tang, Hua","1"
"1668","Tang, Li","1"
"1670","Tang, Qi","1"
"1672","Tang, Yuanjiao","1"
"1673","Tang, Yunfeng","1"
"1674","Tang, Yushi","1"
"1675","Tang, Yuting","1"
"1676","Tang, Zhen","1"
"1677","Tanimoto, Kotaro","1"
"1678","Tao, Jie","1"
"1679","Tao, Shi-Cong","1"
"1680","Tartara, Fulvio","1"
"1681","Tawfik, Ossama","1"
"1682","Teixeira, Mauro M.","1"
"1683","Teo, K.","1"
"1685","Teotia, Arun K.","1"
"1686","Teotia, Arun Kumar","1"
"1687","Thomsen, Peter","1"
"1688","Thuaksuban, Nattawut","1"
"1689","Tian, Bei-Min","1"
"1690","Tian, Dachuan","1"
"1692","Tian, Jingjing","1"
"1693","Tian, Jun","1"
"1696","Tian, Yihong","1"
"1697","Tian, Zhuang","1"
"1701","Tokak, Elvan Konuk","1"
"1702","Tong, Huei Jinn","1"
"1703","Tong, Nanwei","1"
"1706","Torrecillas-Baena, Barbara","1"
"1707","Toyama, N.","1"
"1708","Traini, Tonino","1"
"1709","Traweger, Andreas","1"
"1710","Trentini, Martina","1"
"1711","Tricot-Doleux, Sylvie","1"
"1712","Tromba, Giuliana","1"
"1714","Trujanovic, Robert","1"
"1715","Tsuji, Kunikazu","1"
"1716","Tu, Ying-Chun","1"
"1717","Tyagi, Neetu","1"
"1718","Tyagi, Suresh C.","1"
"1719","Urabe, Fumihiko","1"
"1720","Urata, Y.","1"
"1721","Vallejo, Julian","1"
"1722","van de Loo, Fons A. J.","1"
"1723","van den Beucken, Jeroen J. J. P.","1"
"1724","Vangsness, C. Thomas","1"
"1725","Vargel, Ibrahim","1"
"1726","Vatanparast, Mahboubeh","1"
"1727","Vazirisani, Forugh","1"
"1728","Vecchio, Davide","1"
"1729","Ventrella, Alessia","1"
"1730","Vives, Joaquim","1"
"1731","Vogel, Sarah","1"
"1732","von Bergen, Martin","1"
"1733","von Rechenberg, Brigitte","1"
"1734","VonMoss, Lindsay","1"
"1735","Vracar, Taylor C.","1"
"1736","Wagner, Andrea","1"
"1737","Wallet, Shannon M.","1"
"1738","Walter, Nils G.","1"
"1739","Wan, Mei","1"
"1740","Wan, Qianbing","1"
"1741","Wan, Wanting","1"
"1742","Wan, Zhuo","1"
"1743","Wang, Biao","1"
"1744","Wang, Bingjin","1"
"1745","Wang, Bo","1"
"1746","Wang, Can","1"
"1747","Wang, Can-Can","1"
"1749","Wang, Chenglong","1"
"1750","Wang, Chengshi","1"
"1751","Wang, Chenmin","1"
"1752","Wang, Chenxing","1"
"1753","Wang, Chongyang","1"
"1754","Wang, Chunbao","1"
"1755","Wang, Cong","1"
"1759","Wang, Feng-Sheng","1"
"1760","Wang, Fuxiao","1"
"1761","Wang, Fuxin","1"
"1762","Wang, Guangchao","1"
"1763","Wang, Guanglin","1"
"1764","Wang, Guiling","1"
"1765","Wang, Hai","1"
"1766","Wang, Hanzhe","1"
"1767","Wang, Haonan","1"
"1769","Wang, Hong","1"
"1771","Wang, Hongyu","1"
"1772","Wang, Hongzhe","1"
"1775","Wang, Huiming","1"
"1776","Wang, Huiyi","1"
"1777","Wang, Jiajie","1"
"1780","Wang, Jianlong","1"
"1782","Wang, Jiecong","1"
"1784","Wang, Jinheng","1"
"1785","Wang, Jinjin","1"
"1786","Wang, Jue","1"
"1787","Wang, Kaiyang","1"
"1789","Wang, Lei","1"
"1790","Wang, Li-Fang","1"
"1791","Wang, Lian","1"
"1796","Wang, Mengwei","1"
"1797","Wang, Mengzhen","1"
"1798","Wang, Ming","1"
"1799","Wang, Ning","1"
"1801","Wang, Peiqi","1"
"1802","Wang, Qiang","1"
"1804","Wang, Qingxia","1"
"1805","Wang, Qintao","1"
"1806","Wang, Qiuru","1"
"1807","Wang, Qiyou","1"
"1808","Wang, Renkai","1"
"1810","Wang, Runfu","1"
"1811","Wang, Shizhen Emily","1"
"1812","Wang, Shuang","1"
"1813","Wang, Shuanke","1"
"1814","Wang, Shudan","1"
"1818","Wang, Siheng","1"
"1819","Wang, Situo","1"
"1820","Wang, Siyuan","1"
"1821","Wang, Tao","1"
"1822","Wang, Tianbao","1"
"1823","Wang, Tingting","1"
"1824","Wang, Wei-Shan","1"
"1825","Wang, Weiguo","1"
"1826","Wang, Wenbo","1"
"1827","Wang, Wenxuan","1"
"1828","Wang, Wenzhe","1"
"1829","Wang, Xiaogang","1"
"1830","Wang, Xiaoqin","1"
"1831","Wang, Xiaoteng","1"
"1832","Wang, Xiaoting","1"
"1833","Wang, Xiaoxiao","1"
"1835","Wang, Xing","1"
"1836","Wang, Xinhong","1"
"1839","Wang, Xudong","1"
"1840","Wang, Xuepeng","1"
"1841","Wang, Yafei","1"
"1842","Wang, Yanan","1"
"1844","Wang, Yangyufan","1"
"1845","Wang, Yanmao","1"
"1847","Wang, Yao","1"
"1848","Wang, Yaping","1"
"1849","Wang, Yayu","1"
"1850","Wang, Yazheng","1"
"1851","Wang, Yi","1"
"1852","Wang, Yi-ming","1"
"1853","Wang, Yifan","1"
"1854","Wang, Yifei","1"
"1856","Wang, Yingqian","1"
"1857","Wang, Yingxue","1"
"1858","Wang, Yitao","1"
"1860","Wang, Yizhu","1"
"1861","Wang, Yu","1"
"1863","Wang, Yujie","1"
"1864","Wang, Yulan","1"
"1865","Wang, Yuntao","1"
"1867","Wang, Zhen-Xing","1"
"1868","Wang, Zhenghao","1"
"1869","Wang, Zhenlin","1"
"1871","Wang, Zhenyong","1"
"1872","Wang, Zhiguo","1"
"1873","Wang, Zhongshan","1"
"1874","Wang, Zihao","1"
"1875","Wang, Ziqi","1"
"1876","Wang, Zixuan","1"
"1877","Wang, Zuolin","1"
"1878","Washington, Laurie","1"
"1879","Watanabe, J.","1"
"1881","Wei, Fu","1"
"1882","Wei, Fulan","1"
"1883","Wei, Laiyou","1"
"1884","Wei, Mengying","1"
"1886","Wei, Qiang","1"
"1887","Wei, Wei","1"
"1888","Wei, Wen-Jia","1"
"1889","Wei, Xi","1"
"1890","Wei, Xiaojuan","1"
"1891","Wei, Xinghui","1"
"1892","Wei, Xu","1"
"1894","Wei, Zhan-Ying","1"
"1895","Wen, Huiquan","1"
"1896","Wen, Jing","1"
"1897","Wen, Ning","1"
"1898","Wen, Zhuohao","1"
"1900","Wenisch, Sabine","1"
"1901","Whitlock, Jarred M.","1"
"1903","Winnand, Philipp","1"
"1904","Witwer, Kenneth W.","1"
"1905","Wolf, Michael","1"
"1907","Wong, R.","1"
"1908","Wong, Raymond","1"
"1909","Wong, Tak Man","1"
"1911","Wu, Changrui","1"
"1912","Wu, Che-Wei","1"
"1913","Wu, Chengtie","1"
"1914","Wu, Chenyu","1"
"1916","Wu, Gang","1"
"1918","Wu, Jiachang","1"
"1919","Wu, Jiang","1"
"1920","Wu, Jianghong","1"
"1921","Wu, Jianmei","1"
"1922","Wu, Jiezhou","1"
"1923","Wu, Jin","1"
"1924","Wu, Jinyan","1"
"1927","Wu, Lei","1"
"1928","Wu, Li-An","1"
"1929","Wu, Ming","1"
"1930","Wu, Mingjian","1"
"1931","Wu, Qing-kai","1"
"1932","Wu, Qingheng","1"
"1933","Wu, Qiuyu","1"
"1935","Wu, Shun-Cheng","1"
"1936","Wu, Shunli","1"
"1937","Wu, Tianding","1"
"1938","Wu, Tingting","1"
"1939","Wu, Tong","1"
"1940","Wu, Wenbin","1"
"1941","Wu, Xiangdong","1"
"1942","Wu, Xing","1"
"1943","Wu, Xiwei","1"
"1944","Wu, Yafei","1"
"1945","Wu, Yanfeng","1"
"1947","Wu, Yingnan","1"
"1948","Wu, Yiqing","1"
"1949","Wu, Yu","1"
"1950","Wu, Yu-Ping","1"
"1951","Wu, Yuangang","1"
"1953","Wu, Yue","1"
"1954","Wu, Yuejun","1"
"1955","Wu, Yushou","1"
"1956","Wu, Yutao","1"
"1959","Wu, Zhihong","1"
"1960","Wynne, Kieran","1"
"1961","Xi, Yuhang","1"
"1962","Xia, Demeng","1"
"1963","Xia, Dongdong","1"
"1965","Xia, Wei","1"
"1967","Xia, Yunhui","1"
"1968","Xian, Dong","1"
"1969","Xiang, Xi","1"
"1970","Xiang, Zhihui","1"
"1971","Xiao, Cairong","1"
"1972","Xiao, Dawei","1"
"1973","Xiao, Junhong","1"
"1975","Xiao, Shimeng","1"
"1976","Xiao, Sutong","1"
"1978","Xiao, Yu","1"
"1981","Xie, Hui-Qi","1"
"1982","Xie, Huizhi","1"
"1984","Xie, Jing","1"
"1986","Xie, Qingxing","1"
"1987","Xie, Wenjia","1"
"1988","Xie, Xianju","1"
"1989","Xie, Xiaodong","1"
"1990","Xie, Xin","1"
"1991","Xie, Xudong","1"
"1992","Xie, Yajia","1"
"1994","Xie, Yong","1"
"1995","Xie, Yutong","1"
"1996","Xie, Zhijian","1"
"1997","Xie, Zongping","1"
"1998","Xin, Liangjing","1"
"1999","Xin, Mengyu","1"
"2001","Xing, Xiaotao","1"
"2003","Xiong, Chunyang","1"
"2004","Xiong, Shan","1"
"2006","Xiong, Yuhua","1"
"2007","Xiong, Zhencheng","1"
"2008","Xiu, Kemao","1"
"2009","Xu, Bai","1"
"2010","Xu, Bin","1"
"2011","Xu, Can","1"
"2013","Xu, Chao","1"
"2014","Xu, Chenyue","1"
"2015","Xu, Chu","1"
"2017","Xu, Guanzhe","1"
"2019","Xu, Hailun","1"
"2020","Xu, Hongyuan","1"
"2021","Xu, Huijun","1"
"2024","Xu, Jian-Guang","1"
"2025","Xu, Jianguang","1"
"2027","Xu, Jiawen","1"
"2030","Xu, Jingyi","1"
"2032","Xu, Kaiwang","1"
"2033","Xu, Ke","1"
"2034","Xu, Liqin","1"
"2035","Xu, Mingming","1"
"2036","Xu, Ning","1"
"2037","Xu, Q.","1"
"2038","Xu, Quanchen","1"
"2039","Xu, Rongyao","1"
"2041","Xu, Shuyu","1"
"2042","Xu, Tengjing","1"
"2043","Xu, Tong","1"
"2044","Xu, Xianxing","1"
"2045","Xu, Xiao-Lin","1"
"2046","Xu, Xin","1"
"2047","Xu, Xun","1"
"2049","Xu, Yang","1"
"2050","Xu, Yangtao","1"
"2051","Xu, Yidong","1"
"2052","Xu, Yongqiang","1"
"2053","Xu, Yuanjin","1"
"2054","Xu, Zhengliang","1"
"2055","Xu, Zhezhen","1"
"2056","Xue, Chaoran","1"
"2058","Xue, Zhuo-wei","1"
"2059","Yan, An","1"
"2060","Yan, Chenchen","1"
"2061","Yan, Litao","1"
"2062","Yan, Ruijian","1"
"2063","Yan, Wei","1"
"2064","Yan, Xiao","1"
"2065","Yan, Zineng","1"
"2066","Yang, Bang-Hung","1"
"2067","Yang, Bo","1"
"2068","Yang, Cao","1"
"2069","Yang, Dahou","1"
"2070","Yang, Di","1"
"2071","Yang, Fan","1"
"2072","Yang, Ge","1"
"2073","Yang, Guangzheng","1"
"2074","Yang, Guodong","1"
"2075","Yang, Hongye","1"
"2076","Yang, Jiahui","1"
"2077","Yang, Jian","1"
"2078","Yang, Jiancheng","1"
"2083","Yang, Mingying","1"
"2084","Yang, Peng","1"
"2085","Yang, Qiankun","1"
"2086","Yang, Qinfeng","1"
"2087","Yang, Qining","1"
"2088","Yang, Qiudong","1"
"2089","Yang, Renhao","1"
"2090","Yang, Rui-li","1"
"2091","Yang, Sheng","1"
"2094","Yang, Tieyi","1"
"2096","Yang, Xiaohui","1"
"2097","Yang, Xiaoshan","1"
"2098","Yang, Xueting","1"
"2099","Yang, Yanmeng","1"
"2101","Yang, Yiling","1"
"2102","Yang, Yingying","1"
"2103","Yang, Yusheng","1"
"2104","Yang, Zefeng","1"
"2105","Yang, Zhen","1"
"2106","Yang, Zhen-jin","1"
"2107","Yang, Zheng","1"
"2108","Yang, Zhi","1"
"2109","Yang, Zhouqi","1"
"2110","Yang, Zhujun","1"
"2111","Yang, Zijie","1"
"2112","Yao, Jie","1"
"2113","Yao, Kenta","1"
"2114","Yao, Xiangyun","1"
"2115","Ye, Bing","1"
"2117","Ye, Jinhai","1"
"2118","Ye, Qingyuan","1"
"2119","Ye, Weihua","1"
"2121","Ye, Yi","1"
"2122","Ye, Ziming","1"
"2123","Yeung, Kelvin W. K.","1"
"2124","Yi, Chengqing","1"
"2126","Yi, Genzheng","1"
"2127","Yi, Ping","1"
"2128","Yi, Zhang","1"
"2129","Yi, Zheng","1"
"2130","Yin, HaiFang","1"
"2131","Yin, Han","1"
"2132","Yin, Hao","1"
"2133","Yin, Michael T.","1"
"2135","Yin, Shi","1"
"2136","Yin, Wenjing","1"
"2137","Yin, Xiaofan","1"
"2138","Yin, Yuan","1"
"2140","Ying, Chenting","1"
"2141","Yokota, Takanori","1"
"2142","Yong, C.","1"
"2143","Yong, Chee Weng","1"
"2144","Yoo, Jae-Gyu","1"
"2145","Yorgan, Timur","1"
"2146","Yoshioka, Yusuke","1"
"2147","Yousefi, Mehdi","1"
"2150","Yu, Dongsheng","1"
"2152","Yu, Haiyang","1"
"2153","Yu, Huachen","1"
"2154","Yu, Hui","1"
"2156","Yu, Jialin","1"
"2157","Yu, Lingling","1"
"2158","Yu, Lu","1"
"2159","Yu, Mingzhao","1"
"2160","Yu, Muyu","1"
"2161","Yu, Naichun","1"
"2162","Yu, Nijia","1"
"2163","Yu, Peng","1"
"2164","Yu, Tao","1"
"2165","Yu, Weilin","1"
"2167","Yu, Xiao-Rui","1"
"2168","Yu, Xinning","1"
"2170","Yu, Yifan","1"
"2171","Yu, Yingjie","1"
"2172","Yu, Zhifeng","1"
"2173","Yuan, Hong","1"
"2174","Yuan, Hui","1"
"2175","Yuan, Keyong","1"
"2176","Yuan, Ling-Qing","1"
"2177","Yuan, Quan","1"
"2178","Yuan, Shijie","1"
"2179","Yuan, Xiao","1"
"2180","Yuan, Xiaojing","1"
"2181","Yuan, Xun","1"
"2182","Yuan, Zhen","1"
"2183","Yuan, Zuoying","1"
"2184","Yue, Xiaotong","1"
"2185","Yun, B.","1"
"2186","Zamani, Majid","1"
"2187","Zamparini, Fausto","1"
"2188","Zanolla, Ilaria","1"
"2190","Zarubova, Jana","1"
"2192","Zeng, Deliang","1"
"2193","Zeng, Lian","1"
"2194","Zeng, Min","1"
"2196","Zeng, Sujuan","1"
"2197","Zeng, Yi","1"
"2198","Zeng, Yuyang","1"
"2199","Zeng, Zheng","1"
"2201","Zhai, Mengmeng","1"
"2202","Zhai, Qiming","1"
"2203","Zhai, Yuankun","1"
"2204","Zhan, Qi","1"
"2205","Zhan, Weiqiang","1"
"2206","Zhang, Anqi","1"
"2207","Zhang, Baokun","1"
"2208","Zhang, Bin","1"
"2209","Zhang, Bing","1"
"2211","Zhang, Chang-Ru","1"
"2214","Zhang, Chunxiang","1"
"2215","Zhang, Dan","1"
"2216","Zhang, Detai","1"
"2217","Zhang, Dingmei","1"
"2219","Zhang, Dongjiao","1"
"2220","Zhang, Fan","1"
"2221","Zhang, Gao","1"
"2222","Zhang, Ge","1"
"2223","Zhang, Gensheng","1"
"2224","Zhang, Gui-Ying","1"
"2225","Zhang, Hanzhe","1"
"2227","Zhang, Hengwei","1"
"2228","Zhang, Hong","1"
"2229","Zhang, Huan","1"
"2230","Zhang, Hui","1"
"2231","Zhang, Huixin","1"
"2233","Zhang, Jianguo","1"
"2234","Zhang, Jianjun","1"
"2237","Zhang, Jinhui","1"
"2238","Zhang, Jun","1"
"2239","Zhang, Ke","1"
"2241","Zhang, Kunqi","1"
"2243","Zhang, Li-Qiang","1"
"2246","Zhang, Lin","1"
"2247","Zhang, Lingling","1"
"2248","Zhang, Linkun","1"
"2249","Zhang, Linlin","1"
"2252","Zhang, Peng","1"
"2253","Zhang, Pengfei","1"
"2255","Zhang, Q.","1"
"2256","Zhang, Q. Z.","1"
"2257","Zhang, Qi","1"
"2258","Zhang, Qiang","1"
"2259","Zhang, Qin","1"
"2260","Zhang, Qiyue","1"
"2262","Zhang, Ruixue","1"
"2264","Zhang, Shao-Hui","1"
"2267","Zhang, Shuai","1"
"2268","Zhang, Shuangshuang","1"
"2269","Zhang, Shuangyan","1"
"2270","Zhang, Shuhong","1"
"2271","Zhang, Sijuan","1"
"2272","Zhang, Siyuan","1"
"2274","Zhang, Ting","1"
"2275","Zhang, Tingwei","1"
"2277","Zhang, Wanglin","1"
"2278","Zhang, Weifeng","1"
"2279","Zhang, Weixin","1"
"2280","Zhang, Wen Jie","1"
"2281","Zhang, WenJie","1"
"2283","Zhang, Xiaolei","1"
"2284","Zhang, Xiaoling","1"
"2288","Zhang, Xinyi","1"
"2289","Zhang, Xuexiang","1"
"2290","Zhang, Y.","1"
"2292","Zhang, Yang","1"
"2293","Zhang, Yanqi","1"
"2294","Zhang, Ye","1"
"2296","Zhang, Yili","1"
"2297","Zhang, Yin","1"
"2298","Zhang, Yingze","1"
"2299","Zhang, Yu-Jue","1"
"2300","Zhang, Yuankai","1"
"2301","Zhang, Yuchen","1"
"2302","Zhang, Yue","1"
"2304","Zhang, Yujue","1"
"2305","Zhang, Yumei","1"
"2308","Zhang, Zheru","1"
"2309","Zhang, Zhiling","1"
"2310","Zhang, Zhiping","1"
"2311","Zhang, Zihao","1"
"2314","Zhao, Bizeng","1"
"2316","Zhao, Chuanliang","1"
"2317","Zhao, Congrui","1"
"2318","Zhao, Dan","1"
"2319","Zhao, Dewei","1"
"2320","Zhao, Fangning","1"
"2321","Zhao, Fen","1"
"2322","Zhao, Feng","1"
"2323","Zhao, Fengyuan","1"
"2324","Zhao, Haoyu","1"
"2325","Zhao, Irene Shuping","1"
"2326","Zhao, Jingyi","1"
"2327","Zhao, Jingyu","1"
"2328","Zhao, Jiyuan","1"
"2329","Zhao, Kangcheng","1"
"2331","Zhao, Lisheng","1"
"2332","Zhao, Mengyuan","1"
"2333","Zhao, Ming","1"
"2334","Zhao, Mingyan","1"
"2335","Zhao, Na","1"
"2336","Zhao, Ningbo","1"
"2339","Zhao, Renli","1"
"2341","Zhao, Run","1"
"2342","Zhao, Shengyin","1"
"2344","Zhao, Shuqing","1"
"2345","Zhao, Wanmin","1"
"2346","Zhao, Wanming","1"
"2347","Zhao, Wei","1"
"2348","Zhao, Wenbo","1"
"2350","Zhao, Xiaomin","1"
"2351","Zhao, Xiaoying","1"
"2353","Zhao, Xueyi","1"
"2354","Zhao, Yan","1"
"2355","Zhao, Yang","1"
"2356","Zhao, Yanhong","1"
"2359","Zhao, Yiming","1"
"2360","Zhao, You-Shun","1"
"2361","Zhao, Yuanjin","1"
"2362","Zhao, Yuming","1"
"2364","Zhao, Zichang","1"
"2365","Zhen, Lei","1"
"2367","Zheng, Che","1"
"2368","Zheng, Chen-Xi","1"
"2369","Zheng, Dexiu","1"
"2370","Zheng, Xiaofeng","1"
"2371","Zheng, Xinhui","1"
"2372","Zheng, Yanan","1"
"2373","Zheng, Yexin","1"
"2374","Zheng, Yi","1"
"2376","Zhong, Yuan","1"
"2377","Zhou, Feng","1"
"2379","Zhou, Fuyuan","1"
"2380","Zhou, Guangqian","1"
"2382","Zhou, Huan","1"
"2386","Zhou, Jin","1"
"2387","Zhou, Jing","1"
"2388","Zhou, Lei","1"
"2389","Zhou, Linxi","1"
"2391","Zhou, Nan","1"
"2394","Zhou, Qin","1"
"2395","Zhou, Shanjian","1"
"2396","Zhou, Tian","1"
"2399","Zhou, Xiaomei","1"
"2400","Zhou, Xue","1"
"2401","Zhou, Yan-heng","1"
"2402","Zhou, Yang","1"
"2403","Zhou, Yanyan","1"
"2404","Zhou, Ye","1"
"2405","Zhou, Yi-kun","1"
"2406","Zhou, Ying-Hui","1"
"2409","Zhou, Yongwei","1"
"2410","Zhou, Zhifei","1"
"2411","Zhou, Zhiying","1"
"2412","Zhou, Zhuxing","1"
"2414","Zhu, Bihui","1"
"2415","Zhu, Chunli","1"
"2416","Zhu, Guanghui","1"
"2417","Zhu, Jinglin","1"
"2418","Zhu, Lei","1"
"2419","Zhu, Liguo","1"
"2420","Zhu, Linyong","1"
"2421","Zhu, Lisha","1"
"2422","Zhu, Liulong","1"
"2425","Zhu, Qianzhe","1"
"2426","Zhu, Qinghai","1"
"2427","Zhu, Sunan","1"
"2428","Zhu, Wenxiang","1"
"2429","Zhu, Wenyin","1"
"2430","Zhu, Xiaohan","1"
"2431","Zhu, Xinyue","1"
"2432","Zhu, Yanfei","1"
"2433","Zhu, Ye","1"
"2436","Zhu, Yushu","1"
"2437","Zhu, Zhuoli","1"
"2438","Zhu, Zi-lu","1"
"2439","Zhuang, Chengyu","1"
"2440","Zhuang, Weida","1"
"2441","Zhuang, Xinchen","1"
"2442","Zhuang, Zi-meng","1"
"2443","Zimmermann, Elizabeth A.","1"
"2444","Zong, Xianlei","1"
"2445","Zou, Chunchun","1"
"2446","Zou, Jielin","1"
"2447","Zou, Jing","1"
"2448","Zou, Lingfeng","1"
"2449","Zou, Xue","1"
"2451","Zou, Yiming","1"
"2452","Zou, Zhimin","1"
"2453","Zou, Zhipeng","1"
"2454","Zuo, Jian","1"
"8210","Abed, Mohammed","1"
"8411","Ahmad, Irfan","1"
"8510","Akdeniz-Dogan, Zeynep","1"
"8811","Almasri, R.","1"
"8910","Almeida, Maria I.","1"
"907","Almeida, Maria Ines","1"
"9110","Ansari, Mohammad Javed","1"
"9210","Avery, Steven J.","1"
"9310","Azarpira, Negar","1"
"9411","Bai, Fan","1"
"9510","Bai, Hao","1"
"969","Bai, Ying","1"
"9811","Ball, Jacob R.","1"
"9910","Banakar, Morteza","1"
"10011","Bar, Julia Krystyna","1"
"10111","Barroso, Ines A.","1"
"10211","Bian, Xuting","1"
"10310","Bilek, Marcela M.","1"
"10410","Bonfim, Danielle Cabral","1"
"1059","Born, Gordian","1"
"10610","Bourgine, Paul Emile","1"
"10911","Brown, Sarah V.","1"
"11011","Bu, Ziheng","1"
"11111","Bugdayci, Onur","1"
"11211","C. Lowry, M.","1"
"11311","Cai, Bolei","1"
"1145","Cai, Han-Chen","1"
"11510","Cai, Hong","1"
"1169","Calin, George A.","1"
"11710","Cao, Xiankun","1"
"11810","Celebiler, Ozhan B.","1"
"11911","Chang, Leslie","1"
"1206","Chang, Yaoming","1"
"12211","Chen, Gaoyang","1"
"12511","Chen, Kaiwen","1"
"1265","Chen, Kun","1"
"12710","Chen, Liyile","1"
"12811","Chen, Ming","1"
"13011","Chen, Qingqing","1"
"13111","Chen, Ruijing","1"
"13211","Chen, Yan-Lin","1"
"13310","Chen, Yinghua","1"
"13410","Chen, YongJuan","1"
"13511","Cheng, Bin","1"
"13610","Cheng, Liming","1"
"13711","Cheng, Mengjia","1"
"13810","Cheng, Shi","1"
"13911","Cheng, Yurui","1"
"14010","Chiang, Chi-ling","1"
"14111","Choi, Joo-Hee","1"
"14211","Choo, Andre Boon Hwa","1"
"14311","Chu, Chenyu","1"
"14411","Chu, Paul K.","1"
"14511","Clayton, Aled","1"
"1468","Compan, Alvaro","1"
"14811","Cui, Jinjie","1"
"1494","Cui, Li","1"
"15011","Cui, Shengjie","1"
"15111","Cui, Yigong","1"
"15211","Cunha, Carla","1"
"15311","D'Aurora, Marco","1"
"1548","Da, Ningning","1"
"15511","Dai, Zi-Han","1"
"15611","Deng, Chao","1"
"15710","Deng, Guozhen","1"
"15811","Deng, Jiajia","1"
"16011","Deng, Jiezhong","1"
"16111","Deng, Jintao","1"
"16211","Deng, Zihui","1"
"1638","Dewitt, Sharon","1"
"16411","Dias, Rhayra Braga","1"
"16511","Diaz, Jose Iriarte","1"
"16610","Ding, Catherine","1"
"16711","Ding, Jiandong","1"
"1684","Ding, Muliang","1"
"17010","Dong, Juhong","1"
"17111","Dong, Tianhua","1"
"17211","Dong, Yongqiang","1"
"17411","Du, Zhenwu","1"
"17510","Duan, Cuimi","1"
"17610","Dunstan, Colin","1"
"1774","Duque, Edie","1"
"1788","Eichholz, K. F.","1"
"1793","Eisenstein, Neil M.","1"
"18011","Emami, Asrin","1"
"18210","Fakri, Yasser","1"
"1859","Fang, Weili","1"
"18610","Fang, Xin","1"
"18711","Fathi, Amirhossein","1"
"18810","Feng, Qian","1"
"18911","Feng, Yafei","1"
"19110","Frade, Bianca Braga","1"
"19210","Fu, Huajun","1"
"19310","Fu, Li","1"
"19411","Fu, Shenglong","1"
"19510","Fu, Xiaoling","1"
"19610","Fu, Yu","1"
"19710","Furuta, Taisuke","1"
"19810","Gao, Fei","1"
"19910","Gao, Wenling","1"
"20010","Gao, X.","1"
"20111","Gao, Yongxing","1"
"2028","Gatta, Valentina","1"
"20310","Gemini Piperni, Sara","1"
"2048","Geng, Zhen","1"
"2057","George, Anne","1"
"20610","Gethings, Lee A.","1"
"20710","Goodman, Stuart B.","1"
"20810","Gorgun, C.","1"
"2092","Grelewski, Piotr Grzegorz","1"
"21110","Guan, Yanjun","1"
"21310","Gui, Jianchao","1"
"21410","Gunduz, Oguzhan","1"
"21510","Guo, Hongyan","1"
"2169","Guo, Rongkang","1"
"21910","Hadjiargyrou, Michael","1"
"22010","Hai, Yong","1"
"2218","Haleem, Zahraa","1"
"2232","Han, Lei","1"
"2242","Han, Weiju","1"
"22510","Han, Wenqing","1"
"2261","Hang, Ruiqiang","1"
"2273","Hanif, Sumaira","1"
"22810","Hansford, Derek","1"
"2291","Hao, Zhichao","1"
"2306","Hao, Zi-Chen","1"
"23210","Haumer, Alexander","1"
"23310","He, Chengqi","1"
"23410","He, Gang","1"
"2352","He, Gao-Lu","1"
"23610","He, Juan","1"
"2378","He, Ronghan","1"
"2393","He, Zirui","1"
"2407","Heaney, Liam M.","1"
"24110","Heng, Boon Chin","1"
"24210","Heng, Yongyuan","1"
"24310","Hensley, Austin P.","1"
"24410","Hernandez, Fergui","1"
"2456","Higashi, Yukihito","1"
"2461","Hoey, D. A.","1"
"2481","Hokamp, K.","1"
"2491","Holmes, Christina A.","1"
"2501","Hou, Tianyong","1"
"251","Hsu, Ching-Yun","1"
"2521","Hu, Hongxing","1"
"2541","Hu, Xiaofan","1"
"257","Hu, Yugen","1"
"2581","Huang, H.","1"
"2591","Huang, Jiaxing","1"
"2601","Huang, Jinming","1"
"261","Huang, Jinyang","1"
"2621","Huang, Shuo","1"
"2631","Huang, Wei","1"
"2641","Huang, Xiaogang","1"
"2651","Huang, Xuan","1"
"2661","Huang, Ying","1"
"2681","Irfan, Daniyal","1"
"2691","Isabel Guillen, Maria","1"
"2711","Ismail, Muhammad","1"
"2721","Jabbar, Hawraa","1"
"2731","James, Aaron Watkins","1"
"2741","Ji, Ping","1"
"2751","Ji, Yuelun","1"
"2781","Jiao, Xin","1"
"2801","Jose Alcaraz, Maria","1"
"2812","Kamei, Naosuke","1"
"2821","Kandeel, Mahmoud","1"
"2831","Kang, Kyung-Ku","1"
"2861","Kang, Xia","1"
"2871","Karademir-Yilmaz, Betul","1"
"2881","Karimzadeh, Moslem","1"
"2891","Kato, Yoshio","1"
"2901","Kaya, Ozlem T.","1"
"2911","Khazaei, Fatemeh","1"
"2931","Khosravi, Armin","1"
"294","Kim, Young In","1"
"2951","Komatsu, David E.","1"
"2961","Kong, Ying","1"
"2971","Kuang, Ming-jie","1"
"2981","Kumar, Sanjay","1"
"2991","Kwak, Kwang Joo","1"
"3001","Kwaśnicka, Monika","1"
"3031","Lee, Andrew S.","1"
"3051","Lee, Gun Woo","1"
"3061","Lee, Ly James","1"
"3081","Lee, Sijoon","1"
"3091","Lee, Wayne Yuk-Wai","1"
"3101","Lees, Rebecca","1"
"3112","Lei, Chang","1"
"3121","Lei, Wei","1"
"3131","Leung, Kasey","1"
"3171","Li, Gang","1"
"3181","Li, Hong","1"
"3201","Li, Jing","1"
"322","Li, Laifeng","1"
"3241","Li, M.","1"
"3251","Li, Meng","1"
"3261","Li, Mengmeng","1"
"3271","Li, Ran","1"
"3291","Li, Shuai","1"
"3321","Li, Wentao","1"
"3331","Li, Xian","1"
"3341","Li, Xiang-Hui","1"
"3351","Li, Yanbing","1"
"3371","Li, Ying-Hui","1"
"3381","Li, Yiwei","1"
"3391","Li, Zhaoyan","1"
"3401","Liang, Bin","1"
"3412","Liang, C.","1"
"3421","Liang, Shuailong","1"
"3431","Liang, Tangzhao","1"
"3441","Liang, Weishi","1"
"3451","Liang, Wenqing","1"
"3471","Liao, L.","1"
"3481","Liao, Runzhi","1"
"3491","Liao, Sida","1"
"350","Lieberman, Jay R.","1"
"3521","Lin, Qiushui","1"
"3531","Lin, Si-En","1"
"3551","Lin, Tzuhua","1"
"3561","Lin, Yan","1"
"3591","Liu, Changjiang","1"
"3601","Liu, Changsheng","1"
"3612","Liu, Fan","1"
"3621","Liu, Gen","1"
"363","Liu, Hai-Xiao","1"
"3651","Liu, Hong","1"
"3661","Liu, Jinlong","1"
"3671","Liu, Junsheng","1"
"3681","Liu, Keyin","1"
"3691","Liu, Mengfei","1"
"3701","Liu, Pan","1"
"3712","Liu, Pei","1"
"372","Liu, Runhan","1"
"3731","Liu, Runyuan","1"
"3741","Liu, Shi-Bo","1"
"3751","Liu, Xian","1"
"3771","Liu, Xin-Na","1"
"3781","Liu, Xiuzhi","1"
"3801","Liu, Yanjie","1"
"3821","Liu, Yuhang","1"
"3841","Liu, Yutong","1"
"3851","Liu, Yuzhe","1"
"3861","Liu, Zhongtang","1"
"3891","Lu, Jun","1"
"3912","Lu, Xingyan","1"
"392","Lu, Ye","1"
"3931","Lu, ZuFu","1"
"3941","Luo, Lin","1"
"3951","Lv, Fang","1"
"3971","Ma, Beibei","1"
"3981","Ma, Hai-Wei","1"
"3991","Ma, Jian-xiong","1"
"4021","Ma, Xin-long","1"
"4031","Ma, Yifan","1"
"4041","Ma, Zhenjiang","1"
"4051","Maggio, M.","1"
"4061","Mahdavian, Elahe","1"
"407","Mahon, Olwyn R.","1"
"4081","Mai, Zizhao","1"
"4091","Maia, Andre F.","1"
"4101","Man, Yi","1"
"4121","Margiana, Ria","1"
"414","Martin, Ivan","1"
"4151","Martins, Carolina","1"
"4161","Maruyama, Masahiro","1"
"4171","Mayanei, Sayad Ayub Tabatabaei","1"
"4181","Mayfield, Cory K.","1"
"4201","McAlinden, Audrey","1"
"4212","McSweeney, Kate","1"
"4221","Meng, Haoye","1"
"4241","Meyers, Carolyn Ann","1"
"4251","Miao, Weiqiang","1"
"4261","Miyado, Kenji","1"
"4281","Moeinzadeh, Seyedsina","1"
"4291","Mousavi, Elnaz","1"
"4301","Mu, Yuqing","1"
"4321","Muhammad, Pir","1"
"4331","Murali, Vishnu Priya","1"
"4341","Neves, Nuno","1"
"4351","Ni, Wen-Fei","1"
"4361","Nie, Linyang","1"
"4371","Nieuwoudt, Mechiel","1"
"4381","O'Driscoll, L.","1"
"4401","Occhetta, Paola","1"
"4421","Ogura, Toshihiko","1"
"4431","Oliveira, Joana","1"
"4451","Pan, Chi-Chun","1"
"4461","Pan, Junjie","1"
"4471","Pan, Mingmang","1"
"4481","Pan, Shaowei","1"
"4491","Park, Wook-Tae","1"
"4501","Patra, Indrajit","1"
"4521","Peng, Bibo","1"
"4531","Peng, Jiang","1"
"4541","Petho, Adrienn","1"
"4561","Ping, Jianfeng","1"
"4571","Pu, Panjun","1"
"4591","Qiang, Lei","1"
"4601","Qin, An","1"
"4611","Qin, Wan-Yun","1"
"4621","Qiu, Lixin","1"
"4631","Qu, Guangping","1"
"4641","Qu, Yili","1"
"4651","Rasulova, Mokhidil Tursunalievna","1"
"4661","Reategui, Eduardo","1"
"4671","Rehman, Fawad Ur","1"
"4681","Ren, Jianhua","1"
"4701","Ren, Lingyan","1"
"4741","Rima, Xilal Y.","1"
"4751","Robinson, Thomas E.","1"
"4761","Roche, F. M.","1"
"4771","Roohani-Esfahani, Seyediman","1"
"4781","Rui, Yun-Feng","1"
"4801","Sedigh, Somaye Salari","1"
"4811","Sendur, Samet","1"
"4821","Seo, Min-Soo","1"
"4831","Shao, Zheng-Bo","1"
"4841","She, Hongjiang","1"
"4851","Shelby, Tara","1"
"4861","Shen, N.","1"
"4891","Shen, Steve GF","1"
"4901","Shi, Bingyang","1"
"4912","Shi, Chen","1"
"4921","Shi, Chun","1"
"4931","Shi, Xuetao","1"
"4941","Shi, Youxing","1"
"4951","Shi, Yuanyuan","1"
"4961","Si, Jiawen","1"
"4971","Sivaraman, R.","1"
"4981","Song, Yang","1"
"4991","Stavenschi, E.","1"
"5001","Su, Weiping","1"
"501","Su, Weiwei","1"
"5021","Su, Zhi","1"
"5031","Sun, Bin","1"
"5041","Sun, Deyi","1"
"5051","Sun, Dong","1"
"5061","Sun, Duan","1"
"5071","Sun, Hanxiao","1"
"510","Sun, Li","1"
"5112","Sun, Liangyan","1"
"5121","Sun, Lili","1"
"5131","Sun, Xin","1"
"5151","Sun, Yongjian","1"
"5161","Sung, Minkyoung","1"
"5171","Sung, Soo-Eun","1"
"5181","Takagi, Michiaki","1"
"5191","Talaei-Khozani, Tahereh","1"
"5201","Tan, Richard P.","1"
"5212","Tan, Wei","1"
"5221","Tang, Kanglai","1"
"5231","Tang, Lizong","1"
"5241","Tang, Q.","1"
"525","Tao, Tiger H. H.","1"
"5261","Tasso, Roberta","1"
"5271","Tavanafar, Saeid","1"
"5291","Tian, Hua","1"
"5301","Tian, Meng","1"
"531","Tian, W.","1"
"5321","Tian, Xue","1"
"5351","Tong, Xianqin","1"
"5361","Tong, Xiaopeng","1"
"5381","Vaidya, Anuradha","1"
"5391","Vojdani, Zahra","1"
"5401","Wan, Jinpeng","1"
"5412","Wang, Cheng","1"
"5421","Wang, Da-chuan","1"
"546","Wang, Jiahao","1"
"5491","Wang, Jinwu","1"
"5501","Wang, Kui-Xing","1"
"5521","Wang, Li","1"
"5531","Wang, Liqiong","1"
"5551","Wang, Minggang","1"
"5571","Wang, Qi","1"
"5581","Wang, Qingyu","1"
"559","Wang, Shan-Zheng","1"
"5631","Wang, Tianchang","1"
"5641","Wang, Tianji","1"
"5651","Wang, Xiang-Yang","1"
"5671","Wang, Xin-Lin","1"
"5701","Wang, Yan","1"
"5721","Wang, Yili","1"
"5731","Wang, Yilin","1"
"5741","Wang, Yiming","1"
"5761","Wang, Yingjun","1"
"5781","Wang, Yuan","1"
"5791","Wang, Yuanjing","1"
"5801","Wang, Yufei","1"
"5812","Wang, Yunjiao","1"
"5831","Wang, Zheng","1"
"5841","Wang, Zhongqi","1"
"5871","Wei, Shimin","1"
"5881","Wei, Wenfa","1"
"5891","Wei, Yang","1"
"5901","Wise, Steven G.","1"
"5912","Witwer, Kenneth","1"
"5931","Woods, I.","1"
"5941","Wu, Chaohan","1"
"5951","Wu, Guanfu","1"
"5981","Wu, Qi","1"
"6001","Wu, Shujie","1"
"6011","Wu, Xiaoqi","1"
"6021","Wu, Xu","1"
"6031","Wu, Xudong","1"
"6041","Wu, Xuehui","1"
"6051","Wu, Yunfei","1"
"6071","Xia, Juan","1"
"609","Xiang, Bingyan","1"
"6101","Xiang, Geng","1"
"6111","Xiang, Guang-Heng","1"
"6121","Xiao, Hui","1"
"613","Xiao, Jing","1"
"6141","Xiao, Weidong","1"
"6151","Xiao, Xiufeng","1"
"6191","Xing, X.","1"
"6201","Xiong, Jiang-Hui","1"
"6212","Xiu, Haonan","1"
"6221","Xu, Chun","1"
"6231","Xu, Cong","1"
"6241","Xu, Daqi","1"
"6251","Xu, Fangming","1"
"6261","Xu, Hua-Zi","1"
"6291","Xu, Liang-Liang","1"
"6301","Xu, Shuo-Gui","1"
"6321","Xu, X.","1"
"6331","Xu, Xiang","1"
"6351","Xu, Ziying","1"
"6361","Xun, Jinrui","1"
"6371","Yan, Jinge","1"
"6381","Yang, Chi","1"
"6391","Yang, Haoying","1"
"6401","Yang, J.","1"
"6411","Yang, Jianhua","1"
"642","Yang, Jiaxin","1"
"6431","Yang, Lin","1"
"6441","Yang, Qingshan","1"
"6451","Yang, Qiwei","1"
"6481","Yang, Xiao","1"
"6501","Yang, Yufan","1"
"6511","Yang, Yunzhi Peter","1"
"652","Yang, Yute","1"
"653","Yang, Zaiwu","1"
"6541","Yao, Runhua","1"
"6551","Yao, Xiaohong","1"
"6561","Ye, Rui","1"
"657","Ye, Xin-Qi","1"
"6581","Yilmaz-Goler, Ayse M.","1"
"6601","Yin, Zhaowei","1"
"6611","Yin, Zhifeng","1"
"6631","Yu, Hongbo","1"
"6641","Yu, Liming","1"
"6651","Yu, Lin","1"
"6661","Yu, Xueqiao","1"
"6671","Yu, Yifeng","1"
"6681","Yu, Zihui","1"
"6691","Yu, Ziyi","1"
"6701","Yuan, Hui-Ping","1"
"6711","Yuan, Rui","1"
"6721","Yuan, Yuan","1"
"6731","Yue, Xiaokun","1"
"6741","Zareifard, Nehleh","1"
"6751","Zeng, Bin","1"
"6761","Zeng, Fanchun","1"
"6771","Zeng, Lijun","1"
"6781","Zeng, Ruiyin","1"
"6791","Zeng, Weinan","1"
"6811","Zhang, Anan","1"
"6831","Zhang, Chenglong","1"
"6861","Zhang, Dongya","1"
"6871","Zhang, Guizhen","1"
"6881","Zhang, Hang","1"
"6911","Zhang, Jing","1"
"692","Zhang, Jingjing","1"
"6941","Zhang, Leititia","1"
"6951","Zhang, Lijun","1"
"6961","Zhang, Mingming","1"
"6981","Zhang, Ruijie","1"
"7011","Zhang, Shuiqin","1"
"7031","Zhang, Weihua","1"
"7041","Zhang, Wenhui","1"
"7051","Zhang, Xinchang","1"
"7081","Zhang, Yun-Tong","1"
"7101","Zhang, Yuxin","1"
"7121","Zhang, Zhengyue","1"
"7151","Zhao, Hanjiang","1"
"7161","Zhao, Jie","1"
"7191","Zhao, Weihong","1"
"7201","Zhao, Xi-ge","1"
"7221","Zhao, Xinyuan","1"
"7231","Zhao, Yuyu","1"
"7241","Zheng, Gang","1"
"725","Zheng, Meng","1"
"7261","Zhong, Shu","1"
"7301","Zhou, Mei","1"
"7321","Zhou, Xiangbin","1"
"7331","Zhou, Xianhao","1"
"7341","Zhou, Yanheng","1"
"7351","Zhou, Yi","1"
"7371","Zhou, Yu-Hang","1"
"7391","Zhu, Junfeng","1"
"7401","Zhu, Siyi","1"
"7421","Zhu, Zhangyu","1"
"7431","Zhuang, Yu","1"
"7441","Zou, Zhenyu","1"
"7451","Zreiqat, Hala","1"
